name_track,name_artist,name_album,type,year,duration_ms,genre,popularity
Never There,Sum 41,Order In Decline,track,2019,260093,rock,54
Stand Out Fit In,ONE OK ROCK,Eye of the Storm,track,2019,214573,rock,62
This Life,Vampire Weekend,Father of the Bride,track,2019,268600,rock,59
Seventeen,Sharon Van Etten,Remind Me Tomorrow,track,2019,265920,rock,61
MANTRA,Bring Me The Horizon,amo,track,2019,233128,rock,62
It's Alright,The Mystery Lights,Too Much Tension!,track,2019,170546,rock,58
Kiss The Go-Goat,Ghost,Seven Inches of Satanic Panic,track,2019,195693,rock,62
Mario Neta,El Cuarteto De Nos,Jueves,track,2019,234786,rock,54
Hurricane,I Prevail,TRAUMA,track,2019,223173,rock,68
Drugs,Falling In Reverse,Drugs,track,2019,231920,rock,61
Legendary,Skillet,Victorious,track,2019,244538,rock,63
Cold as Ice,Foreigner,"Stranger Things: Soundtrack from the Netflix Original Series, Season 3",track,2019,199480,rock,54
Invincible,TOOL,Fear Inoculum,track,2019,764456,rock,62
A Las Nueve,No Te Va Gustar,Otras Canciones,track,2019,202063,rock,63
Patience,Tame Impala,Patience,track,2019,292267,rock,65
Killing Me Slowly,Bad Wolves,N.A.T.I.O.N.,track,2019,237065,rock,66
Scrawny,Wallows,Nothing Happens,track,2019,166520,rock,66
BOOM,X Ambassadors,ORION,track,2019,164586,rock,59
Mama,Cam Cole,I See,track,2019,147026,rock,61
Finish Line,Skillet,Victorious,track,2019,206060,rock,64
Personal Lies,Djo,Twenty Twenty,track,2019,299546,rock,64
Princesa,Los Rodriguez,Princesa,track,2019,270568,rock,39
Sleeptalk,Dayseeker,Sleeptalk (Deluxe),track,2019,223026,rock,69
Maple Syrup,The Backseat Lovers,When We Were Friends,track,2019,243529,rock,71
New Age Blues,Cam Cole,I See,track,2019,257351,rock,58
Un hierro sin domar,Marea,El azogue,track,2019,232222,rock,33
Shine A Little Light,The Black Keys,"""Let's Rock""",track,2019,196776,rock,59
Hoy - Remezclado y Remasterizado 2019,Los De Marras,Surrealismo (Remezclado y Remasterizado 2019),track,2019,202303,rock,33
Remember When,Wallows,Nothing Happens,track,2019,155146,rock,70
Popular Monster,Falling In Reverse,Popular Monster,track,2019,220537,rock,69
Guerra Fría,Valira,Ecos de Aventura,track,2019,276093,rock,35
Niamh,Celtian,En Tierra de Hadas,track,2019,226385,rock,42
Runnin' Down A Dream,Tom Petty,The Best Of Everything - The Definitive Career Spanning Hits Collection 1976-2016,track,2019,261812,rock,69
Disco,Surf Curse,Disco,track,2019,152760,rock,79
Verano del 95,Rulo y la contrabanda,Basado en hechos reales,track,2019,236373,rock,40
Quiero Que Vengas,Mala Hierba,Quiero Decir,track,2019,273026,rock,39
Lo/Hi,The Black Keys,"""Let's Rock""",track,2019,177768,rock,62
38º,Walls,38º,track,2019,202570,rock,37
If You Leave - Remastered 2019,Orchestral Manoeuvres In The Dark,Souvenir,track,2019,269800,rock,62
Storm,Pugface,Storm,track,2019,61090,rock,38
Silencio,Celtas Cortos,"30 Aniversario (Sólo recuerdo lo bueno, de lo malo nada)",track,2019,226093,rock,44
Hell N Back,Bakar,Hell N Back,track,2019,213573,rock,72
20 de abril (feat. Fito y Fitipaldis & IZAL),Celtas Cortos,"30 Aniversario (Sólo recuerdo lo bueno, de lo malo nada)",track,2019,242951,rock,47
Chau,No Te Va Gustar,Otras Canciones,track,2019,319393,rock,68
Social Cues,Cage The Elephant,Social Cues,track,2019,219057,rock,69
I Think I'm OKAY (with YUNGBLUD & Travis Barker),mgk,Hotel Diablo,track,2019,169397,rock,73
Imagination,Foster The People,Imagination,track,2019,256266,rock,71
World on Fire (feat. Slightly Stoopid),Stick Figure,World on Fire,track,2019,238810,rock,67
Kilby Girl,The Backseat Lovers,When We Were Friends,track,2019,282205,rock,77
Doom And Gloom,The Rolling Stones,Honk (Deluxe),track,2019,238546,rock,51
medicine,Bring Me The Horizon,amo,track,2019,227265,rock,59
striptease,carwash,striptease,track,2019,160659,rock,61
Cringe,Matt Maeson,Bank On The Funeral,track,2019,216213,rock,69
Fantasmas,Twin Tribes,Ceremony,track,2019,190525,rock,57
sugar honey ice & tea,Bring Me The Horizon,amo,track,2019,261560,rock,59
0% Angel,Mr.Kitty,Ephemeral,track,2019,234671,rock,58
The Runner,Foals,Everything Not Saved Will Be Lost Part II,track,2019,261936,rock,53
Sweet Victory,David Glen Eisley,Sweet Victory,track,2019,231042,rock,53
Descending,TOOL,Fear Inoculum,track,2019,817832,rock,58
Shine,Stick Figure,World on Fire,track,2019,269500,rock,63
Pool House,The Backseat Lovers,When We Were Friends,track,2019,269411,rock,70
"Viernes, 3AM - 2019 Remasterizado",Serú Girán,La Grasa de las Capitales: Edición 40º Aniversario (Remasterizado 2019),track,2019,265312,rock,54
Ready To Let Go,Cage The Elephant,Social Cues,track,2019,187973,rock,61
Oh! Darling - 2019 Mix,The Beatles,Abbey Road (Super Deluxe Edition),track,2019,207146,rock,51
Constitución,Las eras,Austral,track,2019,220800,rock,57
Seeing It Through,WildHeart,Seeing It Through,track,2019,209000,rock,44
God's Gonna Cut You Down,Marilyn Manson,God's Gonna Cut You Down,track,2019,160538,rock,55
Raspberry Jam,Allah-Las,Raspberry Jam,track,2019,228306,rock,57
Can't Fight This Feeling,REO Speedwagon,"Stranger Things: Soundtrack from the Netflix Original Series, Season 3",track,2019,292973,rock,52
Bad Woman Blues,Beth Hart,War In My Mind,track,2019,215911,rock,48
Soy,Cruzando El Charco,Lo Que Somos,track,2019,191530,rock,60
Broken Boy,Cage The Elephant,Social Cues,track,2019,163207,rock,61
Outside Of This Town,"Christone ""Kingfish"" Ingram",Kingfish,track,2019,248035,rock,50
Lonely,WildHeart,Lonely,track,2019,188445,rock,44
Save Me,Skillet,Victorious,track,2019,223240,rock,56
Harmony Hall,Vampire Weekend,Father of the Bride,track,2019,308733,rock,60
Animal,WildHeart,Animal,track,2019,197969,rock,45
The Bottom of It,Fruit Bats,Gold Past Life,track,2019,181400,rock,62
Die To Live,Volbeat,"Rewind, Replay, Rebound (Deluxe)",track,2019,182466,rock,54
Keeper,Reignwolf,Hear Me Out,track,2019,186992,rock,56
Forgotten Ghosts,Jadu Heart,Melt Away,track,2019,308000,rock,55
Dreamin (with blackbear),The Score,Pressure,track,2019,198640,rock,54
Tell Me Lies,The Black Keys,"""Let's Rock""",track,2019,219890,rock,53
TRIALS,STARSET,DIVISIONS,track,2019,258506,rock,59
Brand New Numb,Motionless In White,Disguise,track,2019,222461,rock,62
in the dark,Bring Me The Horizon,amo,track,2019,271186,rock,60
Honky Tonk Women,The Rolling Stones,Honky Tonk Women / You Can't Always Get What You Want,track,2019,182706,rock,58
Esos Ojos,No Te Va Gustar,Otras Canciones,track,2019,175731,rock,57
Hot Rod,Dayglow,Fuzzybrain,track,2019,204014,rock,66
MAYDAY (feat. Ryo from Crystal Lake),coldrain,THE SIDE EFFECTS,track,2019,227011,rock,58
Out For Blood,Sum 41,Order In Decline,track,2019,216571,rock,54
Do Your Worst,Rival Sons,Feral Roots,track,2019,210493,rock,54
Bailemos (feat. Isma Romero) - Acústico,Dani Fernández,Incendios y Cenizas,track,2019,218578,rock,29
Jungle,Somebody's Child,Jungle,track,2019,280613,rock,60
Dark Crow,MAN WITH A MISSION,Dark Crow,track,2019,278186,rock,55
De Vuelta de Ná,Sinkope,Adicción Limitada,track,2019,304896,rock,30
Copla el precipicio,Marea,El azogue,track,2019,289198,rock,31
Good Luck,Broken Bells,Good Luck,track,2019,206813,rock,58
I Just Wanna Shine,Fitz and The Tantrums,All the Feels,track,2019,207925,rock,63
Now That You're Gone,The Raconteurs,Help Us Stranger (With Track-by-Track Commentary),track,2019,240985,rock,52
Let Me Be Sad,I Prevail,TRAUMA,track,2019,214226,rock,61
I Really Wish I Hated You,blink-182,NINE,track,2019,191061,rock,55
La Grasa de las Capitales - 2019 Remasterizado,Serú Girán,La Grasa de las Capitales: Edición 40º Aniversario (Remasterizado 2019),track,2019,268320,rock,49
Habit,Still Woozy,Habit,track,2019,153871,rock,61
Sober,Bad Wolves,N.A.T.I.O.N.,track,2019,195477,rock,59
Wasted Nights,ONE OK ROCK,Eye of the Storm,track,2019,224746,rock,56
wonderful life (feat. Dani Filth),Bring Me The Horizon,amo,track,2019,274403,rock,55
Don't Stop,The Rolling Stones,Honk (Deluxe),track,2019,239146,rock,46
Lo Nuestro Tiene Magia,Cruzando El Charco,Lo Que Somos,track,2019,193909,rock,57
When I'm Gone,Dirty Honey,Dirty Honey,track,2019,205090,rock,51
I See,Cam Cole,I See,track,2019,246499,rock,49
El Último Polvo,Caramelos De Cianuro,Acústico Retrovisor,track,2019,272480,rock,42
Star,Allah-Las,LAHS,track,2019,248344,rock,54
Victorious,Skillet,Victorious,track,2019,245715,rock,54
Here We Go,Norman,Here We Go,track,2019,143280,rock,49
Turning Away,Sum 41,Order In Decline,track,2019,230806,rock,47
Low Down Rolling Stone,Gary Clark Jr.,This Land,track,2019,258200,rock,51
Just Like a Movie,Wallows,Nothing Happens (5th Anniversary Edition),track,2019,247613,rock,59
Chances,Five For Fighting,Chilled Summer,track,2019,215200,rock,53
nihilist blues (feat. Grimes),Bring Me The Horizon,amo,track,2019,325501,rock,54
Motion,Boy Harsher,Country Girl Uncut,track,2019,239832,rock,54
Walk Like a Motherfucker,Ghost Funk Orchestra,A Song For Paul,track,2019,185160,rock,53
My Name Is..,Once Monsters,My Name Is..,track,2019,222710,rock,54
Fate,Boy Harsher,Careful,track,2019,257892,rock,52
Suit in the Back,Quaker City Night Hawks,QCNH,track,2019,173253,rock,50
Blood Sport,Sleep Token,Sundowning,track,2019,247200,rock,62
ECHO,STARSET,DIVISIONS,track,2019,216720,rock,57
Alligator,Of Monsters and Men,FEVER DREAM,track,2019,184026,rock,55
Black and Red,Reignwolf,Hear Me Out,track,2019,219522,rock,52
Culling Voices,TOOL,Fear Inoculum,track,2019,605369,rock,55
Love Too Much,Keane,Cause And Effect (Deluxe),track,2019,189186,rock,47
Did My Best,The Voidz,Did My Best,track,2019,296938,rock,54
original me (feat. dan reynolds of imagine dragons),YUNGBLUD,original me (feat. dan reynolds of imagine dragons),track,2019,205320,rock,53
Runaway Girl,Kakkmaddafakka,Diplomacy,track,2019,182761,rock,43
Darkside,blink-182,NINE,track,2019,180952,rock,55
Sing To Me,MISSIO,Sing To Me,track,2019,189920,rock,55
Leviathan,Volbeat,"Rewind, Replay, Rebound (Deluxe)",track,2019,275933,rock,54
Viva La Victoria,Eclipse,Paradigm,track,2019,191669,rock,53
Loner,YUNGBLUD,Loner,track,2019,215185,rock,54
mother tongue,Bring Me The Horizon,amo,track,2019,217424,rock,57
Hombre Con Alas,El Cuarteto De Nos,Jueves,track,2019,226080,rock,49
Come on In,Thorbjørn Risager & The Black Tornado,Come on In,track,2019,249750,rock,48
Low Blow,HONEYMOAN,Body,track,2019,237293,rock,57
Go,The Black Keys,"""Let's Rock""",track,2019,146596,rock,51
hope for the underrated youth,YUNGBLUD,the underrated youth,track,2019,240906,rock,54
Last Day Under The Sun,Volbeat,"Rewind, Replay, Rebound (Deluxe)",track,2019,287400,rock,55
heavy metal (feat. Rahzel),Bring Me The Horizon,amo,track,2019,240586,rock,56
The House of the Rising Sun,The Animals,The House of the Rising Sun: Best of The Animals,track,2019,269906,rock,59
British Bombs,Declan McKenna,British Bombs,track,2019,297714,rock,54
"Somewhere Only We Know - Live at Live 8, Hyde Park, London, 2nd July 2005",Keane,"Live 8 (Live, July 2005)",track,2019,247740,rock,46
Thy Mission,The Garden,Thy Mission,track,2019,221000,rock,56
Las Estrellas,Caramelos De Cianuro,Acústico Retrovisor,track,2019,199680,rock,38
Every Time You Leave,I Prevail,TRAUMA,track,2019,216626,rock,62
Watch Your Mouth,The Backseat Lovers,When We Were Friends,track,2019,271176,rock,64
Weekend Friend,Goth Babe,Weekend Friend,track,2019,209454,rock,63
Listerine,Dayglow,Fuzzybrain,track,2019,215555,rock,57
Over My Shoulder,Mike + The Mechanics,Out Of The Blue,track,2019,296706,rock,43
The River,Twin Tribes,Ceremony,track,2019,236568,rock,51
Sweet Chaos,DAY6,The Book of Us : Entropy,track,2019,227240,rock,54
La Grange - 2019 Remaster,ZZ Top,Goin' 50,track,2019,232506,rock,46
Fly Like an Eagle,Stereophonics,Kind (Deluxe),track,2019,272586,rock,49
Eagle Birds,The Black Keys,"""Let's Rock""",track,2019,160543,rock,47
She Plays Bass,beabadoobee,She Plays Bass,track,2019,207106,rock,56
Jealous,Eyedress,Jealous,track,2019,122338,rock,48
Polar Onion,Allah-Las,LAHS,track,2019,166364,rock,47
Tell Me When It’s Over,Sheryl Crow,Threads,track,2019,296933,rock,56
Try Hard Fool,The Growlers,Natural Affair,track,2019,191091,rock,52
Cracking,Crumb,Jinx,track,2019,111986,rock,56
Loving You,Chris Rea,One Fine Day,track,2019,233826,rock,45
Dylan Thomas,Better Oblivion Community Center,Better Oblivion Community Center,track,2019,216786,rock,52
Right Now,Fire From The Gods,American Sun,track,2019,225026,rock,55
7:24,Volbeat,"Rewind, Replay, Rebound (Deluxe)",track,2019,250333,rock,47
Paranoid,I Prevail,TRAUMA,track,2019,144546,rock,59
Hymn For A Droid,Psychedelic Porn Crumpets,And Now For The Whatchamacallit,track,2019,207453,rock,50
Rush,The Score,Stay,track,2019,176443,rock,50
Sanitarios,Caramelos De Cianuro,Acústico Retrovisor,track,2019,226613,rock,39
Some Place Else,MorMor,Some Place Else,track,2019,214885,rock,47
El Divorcio,Vico y su Grupo Karicia,La Guitarra y Yo,track,2019,178026,rock,49
why you gotta kick me when i'm down?,Bring Me The Horizon,amo,track,2019,268860,rock,52
Puedo Sentirlo (feat. Julieta Venegas),David Lebón,Lebón & Co.,track,2019,207396,rock,49
Put It on the Line (Theme from Borderlands),The Heavy,Put It on the Line (Theme from Borderlands),track,2019,197234,rock,51
The Dirt (Est. 1981) (feat. Machine Gun Kelly),Mötley Crüe,The Dirt Soundtrack,track,2019,232000,rock,51
Fire Walk With Me,The Black Keys,"""Let's Rock""",track,2019,178229,rock,47
Houston,Allah-Las,LAHS,track,2019,133448,rock,52
Your Mind Is A Picture,Sean Koch,Your Mind Is A Picture,track,2019,203684,rock,46
Sapphire,Alcest,Spiritual Instinct,track,2019,300503,rock,50
Skin and Bones,Cage The Elephant,Social Cues,track,2019,196170,rock,58
Always There,Greta Van Fleet,Always There,track,2019,322000,rock,50
Only Friend,Wallows,Nothing Happens,track,2019,181600,rock,56
Night Running,Cage The Elephant,Social Cues,track,2019,208125,rock,56
HEY CHILD,X Ambassadors,ORION,track,2019,208653,rock,51
Orbitron,Duster,Capsule Losing Contact,track,2019,138266,rock,60
Easy Way Out,LEISURE,Twister,track,2019,232447,rock,47
In Degrees,Foals,Everything Not Saved Will Be Lost Part I,track,2019,297632,rock,48
When Am I Gonna Lose You,Local Natives,Violet Street,track,2019,264213,rock,59
Rylan,The National,I Am Easy to Find,track,2019,223853,rock,45
Pelvis On Fire,Volbeat,"Rewind, Replay, Rebound (Deluxe)",track,2019,185266,rock,49
"Blue On Black (feat. Kenny Wayne Shepherd, Brantley Gilbert & Brian May)",Five Finger Death Punch,"Blue On Black (feat. Kenny Wayne Shepherd, Brantley Gilbert & Brian May)",track,2019,274615,rock,48
forget me too (feat. Halsey),mgk,Tickets To My Downfall,track,2020,171620,rock,71
Not The Same Anymore,The Strokes,The New Abnormal,track,2020,337333,rock,61
At The Door,The Strokes,The New Abnormal,track,2020,310373,rock,61
Obey (with YUNGBLUD),Bring Me The Horizon,POST HUMAN: SURVIVAL HORROR,track,2020,220538,rock,63
Eternal Summer,The Strokes,The New Abnormal,track,2020,375320,rock,61
Cherry Flavoured,The Neighbourhood,Chip Chrome & The Mono-Tones,track,2020,208453,rock,69
Túnel de la Vida,El Plan De La Mariposa,Estado de Enlace,track,2020,240218,rock,67
Stargazing,The Neighbourhood,Chip Chrome & The Mono-Tones (Deluxe),track,2020,217026,rock,71
Sympathy For The Devil,Guns N' Roses,Greatest Hits,track,2020,455560,rock,57
Monsters (feat. blackbear),All Time Low,"Wake Up, Sunshine",track,2020,174067,rock,69
Borderline,Tame Impala,The Slow Rush,track,2020,237800,rock,86
Kyoto,Phoebe Bridgers,Punisher,track,2020,184524,rock,65
So We Won't Forget,Khruangbin,Mordechai,track,2020,298333,rock,63
CITY OF ANGELS (feat. YUNGBLUD) - YUNGBLUD Remix,24kGoldn,CITY OF ANGELS (feat. YUNGBLUD) [YUNGBLUD Remix],track,2020,177138,rock,63
Parasite Eve,Bring Me The Horizon,POST HUMAN: SURVIVAL HORROR,track,2020,291812,rock,66
Bad Decisions,The Strokes,The New Abnormal,track,2020,293360,rock,63
Is It True,Tame Impala,The Slow Rush,track,2020,239266,rock,77
Barcos Hundiéndose,La Maravillosa Orquesta del Alcohol,Ninguna Ola,track,2020,229252,rock,33
Ode To The Mets,The Strokes,The New Abnormal,track,2020,351786,rock,75
The Adults Are Talking,The Strokes,The New Abnormal,track,2020,309053,rock,82
Kick You When You're Down,AC/DC,POWER UP,track,2020,190328,rock,54
Selfless,The Strokes,The New Abnormal,track,2020,222093,rock,78
Rodeada de idiotas,Cobardes,Ceniza y viento,track,2020,270326,rock,34
Demon Fire,AC/DC,POWER UP,track,2020,210361,rock,61
Sin Ti No Hay Color,Sinkope,Por Pensar Le Dio al Hombre,track,2020,302946,rock,35
The Wall & I,Nation of Language,"Introduction, Presence",track,2020,304714,rock,57
Montaña Rusa,Noan,Montaña Rusa,track,2020,166467,rock,36
Galaxia,Sidecars,Ruido de fondo,track,2020,245080,rock,35
Breathe Deeper,Tame Impala,The Slow Rush,track,2020,372866,rock,72
Merece la Pena,Pole.,Merece la Pena,track,2020,194223,rock,40
Figure You Out,VOILÀ,Long Story Short,track,2020,163436,rock,75
Chandelier,Will Paquin,Chandelier,track,2020,127464,rock,75
1x1 (feat. Nova Twins),Bring Me The Horizon,POST HUMAN: SURVIVAL HORROR,track,2020,209598,rock,67
Como un burro amarrado en la puerta del baile,El Último De La Fila,Canciones que nunca se irán. Los 90,track,2020,217093,rock,42
Teardrops,Bring Me The Horizon,POST HUMAN: SURVIVAL HORROR,track,2020,215003,rock,70
Mi Pequeño Chernóbil,Leiva,Mi Pequeño Chernóbil,track,2020,260030,rock,40
Brooklyn Bridge To Chorus,The Strokes,The New Abnormal,track,2020,235946,rock,65
bloody valentine,mgk,Tickets To My Downfall,track,2020,205158,rock,70
The Twist,Chubby Checker,Dancin' Party: The Chubby Checker Collection (1960-1966),track,2020,155040,rock,63
El Carro de la Vida - Versión Acústica,Sinkope,El Carro de la Vida (Versión Acústica),track,2020,287873,rock,46
my ex's best friend (with blackbear),mgk,Tickets To My Downfall,track,2020,139460,rock,74
Como Si Fueras a Morir Mañana - Madrid Nuclear - En Directo,Leiva,Madrid Nuclear - En Directo,track,2020,283373,rock,43
Shot In The Dark,AC/DC,POWER UP,track,2020,185131,rock,63
Why Are Sundays So Depressing,The Strokes,The New Abnormal,track,2020,275666,rock,71
Kingslayer (feat. BABYMETAL),Bring Me The Horizon,POST HUMAN: SURVIVAL HORROR,track,2020,220041,rock,76
Lost In Yesterday,Tame Impala,The Slow Rush,track,2020,249586,rock,72
Crazy Train,Ozzy Osbourne,Blizzard Of Ozz (40th Anniversary Expanded Edition),track,2020,293183,rock,81
One More Hour,Tame Impala,The Slow Rush,track,2020,432560,rock,74
Freakin' Out On the Interstate,Briston Maroney,Freakin' Out On The Interstate (Acoustic Version [Live]),track,2020,251906,rock,70
Time (You and I),Khruangbin,Mordechai,track,2020,342189,rock,61
cotton candy,YUNGBLUD,weird!,track,2020,167365,rock,57
Red Bellied Black Snake,The Beefs,Red Bellied Black Snake,track,2020,173933,rock,56
Ordinary Man (feat. Elton John),Ozzy Osbourne,Ordinary Man (feat. Elton John),track,2020,301730,rock,54
El Pila Pila,Bayronn Caicedo,Cojiendote los Calzones,track,2020,266890,rock,46
Don't Be Shy,Yusuf / Cat Stevens,Tea For The Tillerman (Super Deluxe),track,2020,171293,rock,51
Carry On,Falling In Reverse,Carry On,track,2020,294765,rock,57
"god save me, but don't drown me out",YUNGBLUD,weird!,track,2020,217510,rock,57
On Track,Tame Impala,The Slow Rush,track,2020,301786,rock,62
Dirty,grandson,Death Of An Optimist,track,2020,208296,rock,62
Posthumous Forgiveness,Tame Impala,The Slow Rush,track,2020,366066,rock,63
Black - Live MTV Unplugged,Pearl Jam,MTV Unplugged,track,2020,330768,rock,61
body bag (feat. YUNGBLUD & Bert McCracken of The Used),mgk,Tickets To My Downfall (SOLD OUT Deluxe),track,2020,170074,rock,62
Two-Way Mirror,Loathe,I Let It in and It Took Everything,track,2020,300186,rock,65
OK,Wallows,OK,track,2020,193293,rock,61
Is It Really You?,Loathe,I Let It in and It Took Everything,track,2020,287627,rock,69
One More Year,Tame Impala,The Slow Rush,track,2020,324013,rock,63
Instant Destiny,Tame Impala,The Slow Rush,track,2020,194706,rock,60
All They Wanted,Panchiko,Ferric Oxide (Demos 1997 - 2001),track,2020,127875,rock,69
Kids,Young Gun Silver Fox,Canyons,track,2020,185506,rock,48
Psycho Killer,Talking Heads,Psycho Killer: 1977 Rock,track,2020,261413,rock,53
Father And Son,Yusuf / Cat Stevens,Tea For The Tillerman²,track,2020,229933,rock,43
Carry On,The Score,Carry On,track,2020,169171,rock,54
El Favor,Las Pastillas del Abuelo,2020,track,2020,243984,rock,62
Another Life,Jadu Heart,Hyper Romance,track,2020,232615,rock,60
Witch's Spell,AC/DC,POWER UP,track,2020,222258,rock,53
Esperando El Impacto,Bersuit Vergarabat,Mate con amigos,track,2020,217200,rock,30
Funnel Of Love,Wanda Jackson,The Capitol Singles 1959-1961,track,2020,128426,rock,56
The Well,Marcus King,El Dorado,track,2020,177093,rock,59
Lonely,Palaye Royale,The Bastards,track,2020,186249,rock,63
Sencillamente,Bersuit Vergarabat,Lo + tranquilo,track,2020,307306,rock,32
Ludens,Bring Me The Horizon,POST HUMAN: SURVIVAL HORROR,track,2020,278506,rock,58
La chispa adecuada,Heroes Del Silencio,90's Rock Bands,track,2020,328293,rock,53
"Eat, Sleep, Wake (Nothing But You)",Bombay Bicycle Club,Everything Else Has Gone Wrong,track,2020,219893,rock,57
Monsters (feat. Demi Lovato and blackbear),All Time Low,Monsters (feat. Demi Lovato and blackbear),track,2020,174424,rock,65
Hurt,Oliver Tree,Ugly is Beautiful,track,2020,145147,rock,63
Princesa en paro,Cobardes,Ceniza y viento,track,2020,185353,rock,31
A Little Bit Off,Five Finger Death Punch,F8,track,2020,190718,rock,68
Primavera 2020 - Remasterizá,Amenoskuarto,Primavera 2020 (Remasterizá),track,2020,280636,rock,30
"If You Want To Sing Out, Sing Out",Yusuf / Cat Stevens,Tea For The Tillerman (Super Deluxe),track,2020,165133,rock,58
Only You,Theophilus London,Bebey,track,2020,215446,rock,62
mars,YUNGBLUD,weird!,track,2020,181837,rock,60
Jerk,Oliver Tree,Ugly is Beautiful,track,2020,135020,rock,62
Devil's Advocate,The Neighbourhood,Chip Chrome & The Mono-Tones,track,2020,186306,rock,67
September Again,Nation of Language,"Introduction, Presence",track,2020,233656,rock,53
Buscando en la basura (feat. Pedro Fernández Razkin) - En directo,Playa Cuberris,El último concierto - EP (En directo),track,2020,281277,rock,31
Bipolar (con Cepeda),Pol 3.14,Bipolar (con Cepeda),track,2020,251219,rock,33
Wild Reputation,AC/DC,POWER UP,track,2020,174393,rock,53
acting like that (feat. Machine Gun Kelly),YUNGBLUD,weird!,track,2020,191066,rock,63
Sol Del Sur,Sun Room,Sol Del Sur,track,2020,145298,rock,57
Ohms,Deftones,Ohms,track,2020,250222,rock,62
Lamb's Wool,Foster The People,Lamb's Wool,track,2020,276360,rock,59
Keep Your Eyes Peeled,ULTRA SUNN,Keep Your Eyes Peeled,track,2020,230945,rock,56
flutter,julie,flutter,track,2020,267491,rock,61
Outlaws & Outsiders,Cory Marks,Who I Am,track,2020,197234,rock,63
Don't Look At Me,POORSTACY,The Breakfast Club (Deluxe Edition),track,2020,188237,rock,58
Dreamer,Foxy Shazam,Burn,track,2020,170783,rock,54
Glimmer,Tame Impala,The Slow Rush,track,2020,128826,rock,57
Tu Encanto,Conociendo Rusia,Tu Encanto,track,2020,211992,rock,51
Somebody That I Used to Know,Three Days Grace,Somebody That I Used to Know,track,2020,209719,rock,57
Which One Is the Jellyfish?,Aunt Cynthia's Cabin,Misty Woman,track,2020,264466,rock,51
Panic,From Ashes to New,Panic,track,2020,200800,rock,58
"Dear Diary,",Bring Me The Horizon,POST HUMAN: SURVIVAL HORROR,track,2020,164797,rock,56
Blackout,Solence,Direction,track,2020,200904,rock,52
Genesis,Deftones,Ohms,track,2020,317281,rock,60
Summer Madness - Exclusive Cover Version,Khruangbin,Late Night Tales: Khruangbin,track,2020,201917,rock,54
Dying Breed,The Killers,Imploding The Mirage,track,2020,246000,rock,50
Misty Woman,Aunt Cynthia's Cabin,Misty Woman,track,2020,271600,rock,53
Realize,AC/DC,POWER UP,track,2020,217324,rock,50
Driving In Style,Thundermother,Heat Wave,track,2020,223666,rock,52
Green River,Eilen Jewell,Green River,track,2020,177493,rock,49
strawberry lipstick,YUNGBLUD,weird!,track,2020,163861,rock,54
November Rain,Guns N' Roses,Greatest Hits,track,2020,536960,rock,51
It Might Be Time,Tame Impala,The Slow Rush,track,2020,273026,rock,58
Hechicera,Los Diablitos,Los Diablitos,track,2020,229598,rock,45
Dangerous Ground,H.E.A.T,H.E.A.T II,track,2020,246826,rock,42
Wild Stare,Giant Rooks,ROOKERY,track,2020,194480,rock,56
Magic Mountain,Hollow Ship,Future Remains,track,2020,212666,rock,55
Nothing Else Matters - Live,Metallica,S&M2,track,2020,399600,rock,46
One Day The Only Butterflies Left Will Be In Your Chest As You March Towards Your Death (feat. Amy Lee),Bring Me The Horizon,POST HUMAN: SURVIVAL HORROR,track,2020,243140,rock,56
Visitor,Of Monsters and Men,Visitor,track,2020,207226,rock,53
Roses,Awaken I Am,Roses,track,2020,193309,rock,59
Losing My Religion,R.E.M.,Losing My Religion,track,2020,267733,rock,45
He Sentido Amor,Jaime Enrique Aymara,Todos Sus Éxitos,track,2020,221657,rock,44
Don't Cry (Original),Guns N' Roses,Greatest Hits,track,2020,284093,rock,50
Aloe Lite,Good Kid,Good Kid 2,track,2020,149292,rock,58
Baby Girl,Young Gun Silver Fox,Canyons,track,2020,231153,rock,45
Animal in Me,Solence,Direction,track,2020,187321,rock,53
We Could Start a War,Somebody's Child,20-Something,track,2020,213066,rock,56
Sensations of Cool,TTRRUUCES,TTRRUUCES,track,2020,222546,rock,52
Ya No Mires Atrás,Luis Alberto Spinetta,Ya No Mires Atrás,track,2020,223532,rock,51
Must Be a Dream,Tempesst,Must Be a Dream,track,2020,238280,rock,55
Amor de Arena,Toño y su Grupo Centella,Volumen 1,track,2020,272040,rock,53
Through The Mists Of Time,AC/DC,POWER UP,track,2020,212235,rock,50
Sweet Child O' Mine,Guns N' Roses,Greatest Hits,track,2020,355266,rock,49
VIEWS - Acoustic Live - Kids Against the Machine,Noga Erez,VIEWS,track,2020,177525,rock,41
Cualquiera en su sano juicio (se habría vuelto loco por ti),Bunbury,Posible,track,2020,300634,rock,45
Me & You Together Song,The 1975,Notes On A Conditional Form,track,2020,207223,rock,57
Until the End,Avenged Sevenfold,Diamonds in the Rough,track,2020,285613,rock,59
Shampoo Bottles,Peach Pit,You and Your Friends,track,2020,224266,rock,61
Arkansas,Chris Stapleton,Starting Over,track,2020,178426,rock,62
Untitled Demo 1997,Panchiko,Ferric Oxide (Demos 1997 - 2001),track,2020,160750,rock,60
Lost in Translation,The Neighbourhood,Chip Chrome & The Mono-Tones,track,2020,190226,rock,56
She Wants Me (To Be Loved),The Happy Fits,What Could Be Better,track,2020,199413,rock,58
Good Girls (Don’t Get Used),Beach Bunny,Good Girls (Don’t Get Used),track,2020,215402,rock,57
A Sad Cartoon,Loathe,I Let It in and It Took Everything,track,2020,315880,rock,62
El Farolito (Acústico),Ciro y los Persas,Guerras (Un Viaje en el Tiempo),track,2020,302731,rock,53
Donde Estás Amor,Toño y su Grupo Centella,Volumen 1,track,2020,229947,rock,49
Enemy of My Enemy,All Them Witches,Nothing as the Ideal,track,2020,209643,rock,47
Throw My Bones,Deep Purple,Whoosh!,track,2020,218693,rock,44
Echo (Ready for War),Autumn Kings,Echo (Ready for War),track,2020,200131,rock,52
Caroline,Crash Adams,Caroline,track,2020,200337,rock,51
teresa,YUNGBLUD,weird!,track,2020,204212,rock,51
Así Es El Amor,Jaime Enrique Aymara,Todos Sus Éxitos,track,2020,181719,rock,39
The Best,AWOLNATION,Angel Miners & The Lightning Riders,track,2020,223320,rock,54
Lancaster Nights,Charlie Burg,Lancaster Nights,track,2020,190469,rock,53
Dance Of The Clairvoyants,Pearl Jam,Gigaton,track,2020,265306,rock,48
Rejection,AC/DC,POWER UP,track,2020,246462,rock,47
Siempre Pierdo En El Amor,Jaime Enrique Aymara,Todos Sus Éxitos,track,2020,203104,rock,40
Eternos,Leonora Post Punk,Eternos,track,2020,168812,rock,47
41,All Them Witches,Nothing as the Ideal,track,2020,320350,rock,49
Judas Effect,Vestron Vulture,Lionheart,track,2020,192000,rock,53
Bad Kids,TTRRUUCES,TTRRUUCES,track,2020,206626,rock,54
Ando Rodando - Remasterizado,Gustavo Santaolalla,Santaolalla (Remasterizado),track,2020,205689,rock,39
Blue On Black,Five Finger Death Punch,A Decade of Destruction Vol. 2,track,2020,274615,rock,52
Arthur's Theme (Best That You Can Do),Christopher Cross,80s Love,track,2020,233720,rock,49
Summertime,Mareux,Predestiny,track,2020,217651,rock,57
Last Resort - 2020,Papa Roach,20/20,track,2020,202400,rock,50
Living In A Ghost Town,The Rolling Stones,Living In A Ghost Town,track,2020,247010,rock,49
Blinding Ornaments,Vulkan,Technatura,track,2020,246563,rock,50
Horses,Slomosa,Slomosa,track,2020,297605,rock,48
Aries (feat. Peter Hook and Georgia),Gorillaz,"Song Machine, Season One: Strange Timez (Deluxe)",track,2020,253333,rock,54
Kerosene!,Yves Tumor,Heaven To A Tortured Mind,track,2020,305506,rock,57
Little Bastards,Palaye Royale,The Bastards,track,2020,218326,rock,55
Mi Corazón Sufrido,Jaime Enrique Aymara,Todos Sus Éxitos,track,2020,223515,rock,40
In My Mind's Desert,Slomosa,Slomosa,track,2020,292731,rock,49
July,Betcha,Feels Like We’ve Been Here Before,track,2020,207586,rock,56
Talk to a Friend,Rain City Drive,To Better Days,track,2020,211235,rock,62
La Leyenda Del Hada Y El Mago,Rata Blanca,Top Rock en español 90s,track,2020,322426,rock,48
Lost Day,Other Lives,For Their Love,track,2020,175452,rock,48
Blue,NewDad,Blue,track,2020,198426,rock,55
Tonight Is The Night I Die,Palaye Royale,The Bastards,track,2020,172170,rock,55
Darkness Settles In,Five Finger Death Punch,F8,track,2020,281803,rock,58
Dancin' Party,Chubby Checker,Dancin' Party: The Chubby Checker Collection (1960-1966),track,2020,128000,rock,45
Tomorrow's Dust,Tame Impala,The Slow Rush,track,2020,326840,rock,57
HALF-WAY & ONE STEP FORWARD,Marilyn Manson,WE ARE CHAOS,track,2020,196880,rock,49
Can't Be Mine,Bad Nerves,Bad Nerves,track,2020,124480,rock,47
Choker,Twenty One Pilots,Scaled And Icy,track,2021,223065,rock,63
Stress Relief,late night drive home,Am I sinking or Am I swimming?,track,2021,205714,rock,73
Jumpin' Jack Flash,The Rolling Stones,Jumpin' Jack Flash / Child Of The Moon,track,2021,222933,rock,60
A quemarropa,Fito y Fitipaldis,Cada vez cadáver,track,2021,293601,rock,55
Saturday,Twenty One Pilots,Scaled And Icy,track,2021,172232,rock,64
Bitter Taste,Billy Idol,Bitter Taste,track,2021,266759,rock,61
Shotgun Blues,Volbeat,Servant Of The Mind (Deluxe),track,2021,267826,rock,66
Ganas de Verte,Airbag,Al Parecer Todo Ha Sido una Trampa,track,2021,183833,rock,67
la di die (feat. Jaden Hossler),Nessa Barrett,la di die (feat. Jaden Hossler),track,2021,195191,rock,66
Amtrak,Los Retros,Looking Back,track,2021,176751,rock,69
Let The Bad Times Roll,The Offspring,Let The Bad Times Roll (Deluxe Edition),track,2021,198546,rock,63
Coming For You,The Offspring,Let The Bad Times Roll (Deluxe Edition),track,2021,228586,rock,60
Interludio,Robe,Mayéutica,track,2021,191971,rock,64
The Perfect Girl,Mareux,The Perfect Girl,track,2021,194423,rock,76
Hong Kong,C. Tangana,El Madrileño,track,2021,203506,rock,54
Cielo hermético,Fito y Fitipaldis,Cada vez cadáver,track,2021,239258,rock,58
LA PAURA DEL BUIO,Måneskin,Teatro d'ira - Vol. I,track,2021,209786,rock,61
Sentado en el camino,Mala Hierba,No hacer nada es elegir,track,2021,244924,rock,34
fleabag,YUNGBLUD,fleabag,track,2021,176988,rock,65
Shy Away,Twenty One Pilots,Scaled And Icy,track,2021,175044,rock,68
Trouble’s Coming,Royal Blood,Typhoons,track,2021,228400,rock,62
Ya no soy yo,Walls,Ya no soy yo,track,2021,176733,rock,37
Nothing Else Matters,Miley Cyrus,Nothing Else Matters,track,2021,395785,rock,58
Partirme la cara,"Walls, Daniel Sabater",Partirme la cara,track,2021,190934,rock,37
Follow You,Imagine Dragons,Follow You / Cutthroat,track,2021,175643,rock,63
Holier Than Thou - Remastered 2021,Metallica,Metallica (Remastered 2021),track,2021,227573,rock,60
CORALINE,Måneskin,Teatro d'ira - Vol. I,track,2021,300413,rock,70
Segundo movimiento: Mierda de filosofía,Robe,Mayéutica,track,2021,286397,rock,55
Media ración,Mala Hierba,No hacer nada es elegir,track,2021,247338,rock,37
Matador - Remasterizado 2008,Los Fabulosos Cadillacs,Obras Cumbres,track,2021,275893,rock,68
Pensamientos,Airbag,Al Parecer Todo Ha Sido una Trampa,track,2021,233839,rock,74
Low Profile,Xavi Castle,Brief Stories About the Universe,track,2021,99936,rock,39
La Noche Suena,David Otero,Otero y Yo,track,2021,201840,rock,40
Con uñas y dientes,Marlon,Marlon,track,2021,219113,rock,40
Cada vez cadáver,Fito y Fitipaldis,Cada vez cadáver,track,2021,337226,rock,48
El Renacer del Guerrero,Benito Kamelas,Resiliencia,track,2021,269076,rock,41
Resiliencia,Benito Kamelas,Resiliencia,track,2021,244155,rock,41
Don't Tread on Me - Remastered 2021,Metallica,Metallica (Remastered 2021),track,2021,240160,rock,60
BLACKOUT,Turnstile,GLOW ON,track,2021,173279,rock,66
Levante,Benito Kamelas,Resiliencia,track,2021,303658,rock,44
Nothing Else Matters - Remastered 2021,Metallica,Metallica (Remastered Deluxe Box Set),track,2021,388733,rock,84
En algún lugar (feat. Santi Balmes & Víctor Cabezuelo),Mikel Erentxun,Amigos de Guardia,track,2021,238426,rock,42
Wherever I May Roam - Remastered 2021,Metallica,Metallica (Remastered 2021),track,2021,404333,rock,69
Enter Sandman - Remastered 2021,Metallica,Metallica (Remastered Deluxe Box Set),track,2021,331560,rock,85
Stumblin' In,Chris Norman,Licorice Pizza (Original Motion Picture Soundtrack),track,2021,238853,rock,60
The Unforgiven - Remastered 2021,Metallica,Metallica (Remastered 2021),track,2021,387160,rock,75
Sad But True - Remastered 2021,Metallica,Metallica (Remastered Deluxe Box Set),track,2021,324600,rock,75
MAMMAMIA,Måneskin,MAMMAMIA,track,2021,186789,rock,63
One By One,The Blue Stones,Hidden Gems,track,2021,251266,rock,59
Wait A Minute My Girl,Volbeat,Servant Of The Mind (Deluxe),track,2021,140053,rock,59
Hellraiser - 30th Anniversary Edition,Ozzy Osbourne,Hellraiser (30th Anniversary Edition),track,2021,295881,rock,57
Origami,The Rare Occasions,Big Whoop,track,2021,174182,rock,64
The Writing on the Wall,Iron Maiden,Senjutsu,track,2021,373898,rock,55
"Turn It Up, Bitch",Limp Bizkit,STILL SUCKS,track,2021,140763,rock,61
Cuchillos Guantanamera,Airbag,Al Parecer Todo Ha Sido una Trampa,track,2021,252125,rock,61
Ode to a Conversation Stuck in Your Throat,Del Water Gap,Del Water Gap,track,2021,199232,rock,69
Light My Love,Greta Van Fleet,The Battle at Garden’s Gate,track,2021,270887,rock,64
Wrecked,Imagine Dragons,Wrecked,track,2021,244004,rock,59
Temple Of Ekur,Volbeat,Servant Of The Mind (Deluxe),track,2021,259173,rock,55
Teletransporte,Noan,Teletransporte,track,2021,179258,rock,30
Shakin' Off The Rust,The Blue Stones,Hidden Gems,track,2021,222936,rock,58
Escalofrío,Caramelos De Cianuro,Control,track,2021,216416,rock,46
Days Of Future Past,Iron Maiden,Senjutsu,track,2021,243754,rock,51
Typhoons,Royal Blood,Typhoons,track,2021,236933,rock,55
Lost in Echoes,Caskets,Lost Souls,track,2021,217814,rock,61
Tan vacío (feat. Hens),Walls,Tan vacío (feat. Hens),track,2021,158083,rock,31
No Te Imaginás,No Te Va Gustar,Luz,track,2021,211204,rock,60
Magia de Luna,Celtian,Sendas de Leyenda,track,2021,259680,rock,40
The God That Failed - Remastered 2021,Metallica,Metallica (Remastered 2021),track,2021,308506,rock,56
Oblivion,Royal Blood,Typhoons,track,2021,161253,rock,57
Flaca,Andrés Calamaro,Dios Los Cría,track,2021,226858,rock,39
Izan Nahi Dut,Huntza,Ezin Ezer Espero,track,2021,184367,rock,32
Inolvidable (feat. J Heras),Enol,Casi Superstar,track,2021,204497,rock,30
I Don't Care,VIOLENT VIRA,I Don't Care,track,2021,181028,rock,69
Skinny,KALEO,Surface Sounds,track,2021,222316,rock,57
Para No Olvidar,Andrés Calamaro,Dios Los Cría,track,2021,244482,rock,36
"it only gets worse, i promise",EKKSTACY,NEGATIVE,track,2021,154640,rock,60
Seminare - 2021 Remasterizado,Serú Girán,Serú Girán (Remasterizado 2021),track,2021,202513,rock,61
My Friend of Misery - Remastered 2021,Metallica,Metallica (Remastered 2021),track,2021,409666,rock,56
Built By Nations,Greta Van Fleet,The Battle at Garden’s Gate,track,2021,238985,rock,59
Buscando algo,Fran Mariscal,BUSCANDO ALGO,track,2021,201642,rock,32
Glass Heart,Caskets,Lost Souls,track,2021,224421,rock,64
Aquí Contigo,Noan,Aquí Contigo,track,2021,181717,rock,33
Perdido,Airbag,Al Parecer Todo Ha Sido una Trampa,track,2021,247375,rock,62
Llegó el crujido,Mala Hierba,No hacer nada es elegir,track,2021,287254,rock,33
Tu lista de Spotify,llvna,Tu lista de Spotify,track,2021,147500,rock,33
Mi Tormenta,Kamikazes,Fuego Polar,track,2021,242426,rock,33
Colorado,Milky Chance,Trip Tape,track,2021,174347,rock,59
Through the Never - Remastered 2021,Metallica,Metallica (Remastered 2021),track,2021,244533,rock,58
Triste Canción de Amor,Sublevados,Triste Canción de Amor,track,2021,198543,rock,33
Ring Ring,Poncho K,Calíope,track,2021,217000,rock,34
Heat Above,Greta Van Fleet,The Battle at Garden’s Gate,track,2021,341255,rock,63
Of Wolf and Man - Remastered 2021,Metallica,Metallica (Remastered 2021),track,2021,256573,rock,59
Tainted Love,Milky Chance,Trip Tape,track,2021,179473,rock,58
Encuentro con un Ángel Amateur - En Vivo,Indio Solari,Encuentro con un Ángel Amateur (En Vivo),track,2021,213681,rock,57
La Parte de Adelante,Los Fabulosos Cadillacs,Obras Cumbres,track,2021,272840,rock,60
I'm Not A Vampire - Revamped,Falling In Reverse,I'm Not A Vampire (Revamped),track,2021,376816,rock,54
Good F**King Music,Solence,Deafening,track,2021,206433,rock,62
It Won't Always Be Like This,Inhaler,It Won't Always Be Like This,track,2021,244906,rock,61
Monacillo,Argonaut & Wasp,STARLIGHT 99,track,2021,235000,rock,56
DiE4u,Bring Me The Horizon,DiE4u,track,2021,207141,rock,56
Last Resort (Reloaded),Papa Roach,Last Resort (Reloaded),track,2021,137297,rock,62
Rain (from The Suicide Squad),grandson,Rain (from The Suicide Squad),track,2021,236040,rock,57
Age of Machine,Greta Van Fleet,The Battle at Garden’s Gate,track,2021,413524,rock,52
Free Bird - Edit,Lynyrd Skynyrd,Kid Friendly Classic Rock,track,2021,259840,rock,52
Waiting On A War,Foo Fighters,Medicine At Midnight,track,2021,253836,rock,53
BETTER OFF DEAD,jxdn,Tell Me About Tomorrow,track,2021,155673,rock,57
t r a n s p a r e n t s o u l feat. Travis Barker,WILLOW,lately I feel EVERYTHING,track,2021,168398,rock,64
"My Way, Soon",Greta Van Fleet,The Battle at Garden’s Gate,track,2021,255217,rock,52
Van Horn,Saint Motel,The Original Motion Picture Soundtrack,track,2021,161120,rock,58
Golpes en el Corazón,Los Auténticos Decadentes,Golpes en el Corazón,track,2021,211268,rock,53
Boilermaker,Royal Blood,Typhoons,track,2021,209480,rock,52
then i met her,EKKSTACY,NEGATIVE,track,2021,138306,rock,56
Wet Dream,Wet Leg,Wet Dream,track,2021,140080,rock,53
Flaca,Maurizio Terracina,Flaca,track,2021,220733,rock,40
Volver a Casa,Airbag,Al Parecer Todo Ha Sido una Trampa,track,2021,183882,rock,59
Walk,Saint Chaos,Seeing Red,track,2021,170210,rock,50
Va a Ser Difícil Olvidar,Airbag,Al Parecer Todo Ha Sido una Trampa,track,2021,233868,rock,60
The One That You Love,LP,Churches,track,2021,223426,rock,41
Verbenita,Bayron Caicedo,Tú Patrón Vol.2,track,2021,224160,rock,44
The Struggle Within - Remastered 2021,Metallica,Metallica (Remastered 2021),track,2021,232648,rock,52
In My Dreams,Gary Moore,How Blue Can You Get,track,2021,342080,rock,53
Hard Skool,Guns N' Roses,Hard Skool,track,2021,221892,rock,53
Heavy Days,Still Corners,Heavy Days,track,2021,227683,rock,50
I WANNA BE YOUR SLAVE (with Iggy Pop),Måneskin,I WANNA BE YOUR SLAVE (with Iggy Pop),track,2021,171905,rock,50
Becoming,Volbeat,Servant Of The Mind (Deluxe),track,2021,253346,rock,54
Smells Like Teen Spirit - Remastered 2021,Nirvana,Smells Like Teen Spirit / In Bloom / On A Plain / Lithium / Breed,track,2021,300893,rock,57
Out Of Style,Limp Bizkit,STILL SUCKS,track,2021,202862,rock,56
Drowned in Emotion,Caskets,Lost Souls,track,2021,222567,rock,58
El Satánico Dr. Cadillac (Versión '93) - Remasterizado 2008,Los Fabulosos Cadillacs,Obras Cumbres,track,2021,256773,rock,60
help herself,bbno$,help herself,track,2021,188571,rock,61
Everything In Its Right Place,Radiohead,KID A MNESIA,track,2021,251426,rock,56
Rising Sun,Jon and Roy,Know Your Mind,track,2021,202808,rock,52
Freaks (feat. Travis Barker),Surf Curse,Freaks (Remixes),track,2021,149859,rock,57
Afterlife,Holding Absence,The Greatest Mistake of My Life,track,2021,226546,rock,62
Always,The Snuts,W.L. (Deluxe),track,2021,203949,rock,59
Resentment,A Day To Remember,You're Welcome,track,2021,227266,rock,62
A Kiss,THE DRIVER ERA,Girlfriend,track,2021,271854,rock,57
No More Tears,Ozzy Osbourne,No More Tears (30th Anniversary Expanded Edition),track,2021,444982,rock,58
Dad Vibes,Limp Bizkit,STILL SUCKS,track,2021,132206,rock,59
Face to Face,Citizen Soldier,This Is Your Sign Part I,track,2021,223317,rock,54
Surefire,Wilderado,Wilderado,track,2021,241194,rock,61
Campos Elíseos,Airbag,Al Parecer Todo Ha Sido una Trampa,track,2021,276936,rock,58
Don’t Let Me Down - First Rooftop Performance,The Beatles,Let It Be (Super Deluxe),track,2021,209453,rock,55
Nos Queremos y Qué,Chacalon Jr,Nos Queremos y Qué,track,2021,172401,rock,49
One Day,Lovejoy,Are You Alright?,track,2021,144374,rock,58
Qué Puedo Hacer,Chacalon Jr,Qué Puedo Hacer,track,2021,281379,rock,48
Mente Sucia,Neeus,Mente Sucia,track,2021,175803,rock,38
Cheer Up Baby,Inhaler,It Won't Always Be Like This,track,2021,233906,rock,55
Broken Bells,Greta Van Fleet,The Battle at Garden’s Gate,track,2021,350641,rock,50
Shot in the Dark,John Mayer,Sob Rock,track,2021,249080,rock,53
Tantas Veces,Andrés Calamaro,Dios Los Cría,track,2021,199018,rock,41
Me Voy Me Voy,Gerardo Moran,"Los Super Amigos, Vol. 2",track,2021,214087,rock,41
The Bandit,Kings of Leon,When You See Yourself,track,2021,250961,rock,53
When It Breaks,Inhaler,It Won't Always Be Like This,track,2021,222746,rock,55
i won't run,Keanu Bicol,i won't run,track,2021,158947,rock,57
RATA-TATA,Royal Republic,RATA-TATA,track,2021,191013,rock,50
hesitation,Andrew Garden,hesitation,track,2021,177804,rock,57
Stardust Chords,Greta Van Fleet,The Battle at Garden’s Gate,track,2021,297489,rock,52
Let It Ride,The Blue Stones,Hidden Gems,track,2021,217786,rock,51
The Cure,Caramelos De Cianuro,Control,track,2021,217400,rock,40
Rollin' On,Jackie Venson,Love Transcends,track,2021,308077,rock,46
Beauty and the Beast,The Rose,Beauty and the Beast,track,2021,264613,rock,51
Vibrate,Drug Store Romeos,The world within our bedrooms,track,2021,154533,rock,56
love race (feat. Kellin Quinn),mgk,love race (feat. Kellin Quinn),track,2021,188779,rock,55
WANNA BE (feat. Machine Gun Kelly),jxdn,Tell Me About Tomorrow,track,2021,158021,rock,53
How to Disappear Completely,Radiohead,KID A MNESIA,track,2021,356333,rock,53
Flaca,Mati Sertic,Blues Covers,track,2021,235662,rock,36
"Hello (Live at Knebworth, 11 August '96)",Oasis,Knebworth 1996 (Live),track,2021,175536,rock,47
Motion Picture Soundtrack,Radiohead,KID A MNESIA,track,2021,200482,rock,56
Vampiro,French Police,Haunted Castle (Extended Play),track,2021,136803,rock,55
Way Less Sad,AJR,OK ORCHESTRA,track,2021,207595,rock,51
No Son Of Mine,Foo Fighters,Medicine At Midnight,track,2021,208696,rock,50
its alright :),Kevin Walkman,its alright :),track,2021,202048,rock,58
Astronaut In The Ocean,Our Last Night,Astronaut In The Ocean,track,2021,134200,rock,58
Dagen Før,Volbeat,Servant Of The Mind (Deluxe),track,2021,249693,rock,51
Rollin' (Air Raid Vehicle),Limp Bizkit,Rock Party 2021,track,2021,213880,rock,55
Body Dysmorphia,Eyedress,Mulholland Drive,track,2021,125085,rock,48
Let’s Get The Party Started (feat. Bring Me The Horizon),Tom Morello,The Atlas Underground Fire,track,2021,212572,rock,54
Innocent,MYTCH,Innocent,track,2021,225790,rock,54
Mistake,Stellar,Mistake,track,2021,151580,rock,54
Occasional Rain,The War On Drugs,I Don’t Live Here Anymore,track,2021,294040,rock,49
Alter Ego,KALEO,Surface Sounds,track,2021,248132,rock,49
For The Wicked,Friday Pilots Club,For The Wicked,track,2021,173933,rock,56
Change,The War On Drugs,I Don’t Live Here Anymore,track,2021,364333,rock,50
The Devil Rages On,Volbeat,Servant Of The Mind (Deluxe),track,2021,310000,rock,50
Mindreader,A Day To Remember,You're Welcome,track,2021,173520,rock,58
Quarterback,Wallows,Quarterback,track,2021,180386,rock,60
Booty Call,Caramelos De Cianuro,Control,track,2021,177141,rock,42
Drinking with Cupid,VOILÀ,Happy Never After,track,2022,172939,rock,66
Call Me Little Sunshine,Ghost,IMPERA,track,2022,284266,rock,65
Therapy,VOILÀ,Happy Never After,track,2022,201391,rock,68
Soldier of Heaven,Sabaton,The War to End All Wars,track,2022,218000,rock,65
Misery,Memphis May Fire,Remade In Misery,track,2022,192176,rock,64
Masterpiece,Motionless In White,Scoring The End Of The World,track,2022,206648,rock,72
Gloom,Djo,DECIDE,track,2022,120808,rock,67
Black Summer,Red Hot Chili Peppers,Black Summer,track,2022,232412,rock,61
Synchronize,Milky Chance,Trip Tape II,track,2022,164576,rock,63
U&ME,alt-J,The Dream,track,2022,198840,rock,56
Wild Child,The Black Keys,Dropout Boogie,track,2022,164866,rock,63
Tabaco y Alcohol,llvna,Tabaco y Alcohol,track,2022,145124,rock,36
SPIT IN MY FACE!,ThxSoMch,SPIT IN MY FACE!,track,2022,147874,rock,80
B-Side,Khruangbin,Texas Moon,track,2022,274391,rock,63
Ángel exterminador (feat. Bunbury),Ilegales,La lucha por la vida,track,2022,242414,rock,37
Killed by Death,Motörhead,All the Aces,track,2022,278373,rock,58
Malas Noticias - En Directo,Los Suaves,La Noche Más Suave (En Directo),track,2022,204094,rock,35
THE LONELIEST,Måneskin,THE LONELIEST,track,2022,247067,rock,67
SUPERMODEL,Måneskin,SUPERMODEL,track,2022,148064,rock,65
Se acaba el baile,Marea,Los potros del tiempo,track,2022,219522,rock,37
Reventar la Ciudad,Walls,Reventar la Ciudad,track,2022,209271,rock,50
THE DEATH OF PEACE OF MIND,Bad Omens,THE DEATH OF PEACE OF MIND,track,2022,241499,rock,77
Mariella,Khruangbin,Texas Moon,track,2022,310553,rock,71
Wipe Out,The Surfaris,"Stranger Things: Soundtrack from the Netflix Series, Season 4",track,2022,133986,rock,59
Money For Nothing - Single Edit / Remastered 2022,Dire Straits,Money For Nothing (Remastered 2022),track,2022,248280,rock,67
Me da igual,Charlie USG,Me da igual,track,2022,171871,rock,50
Sagitario (Mi Madre Me Va A Matar),Hens,Sagitario (Mi Madre Me Va A Matar),track,2022,171817,rock,37
Bleed,Connor Kauffman,Bleed,track,2022,145454,rock,69
Lo que nunca te dije,Charlie USG,Lo que nunca te dije,track,2022,160632,rock,50
Nuestra fosa,Marea,Los potros del tiempo,track,2022,273865,rock,44
Cuesta Arriba,Walls,Cuesta Arriba,track,2022,164470,rock,43
ME MATA(S),Noan,ME MATA(S),track,2022,184533,rock,46
Los niños del parque,Walls,Los Niños del Parque,track,2022,197217,rock,43
En Dos,Walls,Los Niños del Parque,track,2022,187873,rock,47
Bailemos - On The Road,Dani Fernández,Entre las dudas y el azar,track,2022,252648,rock,41
Buena muerte,Marea,Los potros del tiempo,track,2022,218742,rock,43
Estrella (feat. La La Love You),Despistaos,Estrella (feat. La La Love You),track,2022,196175,rock,42
Te Lloré Un Río,Maná,Te Lloré Un Río,track,2022,230811,rock,66
Just the Two of Us,"Grover Washington, Jr.",In the Name of Love: The Elektra Recordings 1979-1984,track,2022,237106,rock,62
Iris,The Goo Goo Dolls,100 Greatest Driving Songs,track,2022,289906,rock,50
I Want It All - Single Version,Queen,The Miracle (Collector's Edition),track,2022,241586,rock,68
Master of Puppets,Metallica,"Stranger Things: Soundtrack from the Netflix Series, Season 4",track,2022,514479,rock,71
Just Pretend,Bad Omens,THE DEATH OF PEACE OF MIND,track,2022,204676,rock,80
maybe (feat. Bring Me The Horizon),mgk,mainstream sellout,track,2022,170133,rock,70
Oysters In My Pocket,Royel Otis,Oysters In My Pocket,track,2022,162338,rock,75
A Symptom Of Being Human,Shinedown,Planet Zero,track,2022,248454,rock,69
life imitates life,quannnic,kenopsia,track,2022,203294,rock,65
Hunter’s Moon,Ghost,IMPERA,track,2022,196106,rock,59
Talk,beabadoobee,Beatopia,track,2022,158293,rock,66
Playing God,Polyphia,Remember That You Will Die,track,2022,205925,rock,62
Untitled #9 - Smáskifa 1,Sigur Rós,( ) [2022 Remaster],track,2022,278040,rock,60
So Called Life,Three Days Grace,EXPLOSIONS,track,2022,206642,rock,66
make up sex (feat. blackbear),mgk,mainstream sellout,track,2022,122570,rock,62
Scoring The End Of The World (feat. Mick Gordon),Motionless In White,Scoring The End Of The World,track,2022,228354,rock,61
Just Dance,Sable,Viral Covers,track,2022,174453,rock,59
CHOKE,The Warning,ERROR,track,2022,231854,rock,57
Body Paint,Arctic Monkeys,The Car,track,2022,290584,rock,58
The Funeral,YUNGBLUD,The Funeral,track,2022,211197,rock,57
Concorde,"Black Country, New Road",Ants From Up There,track,2022,363773,rock,57
The Place Where He Inserted the Blade,"Black Country, New Road",Ants From Up There,track,2022,433360,rock,61
Notion - Acoustic,The Rare Occasions,Notion (Acoustic),track,2022,195503,rock,62
She's a Lover,Red Hot Chili Peppers,Unlimited Love,track,2022,221092,rock,59
Eddie,Red Hot Chili Peppers,Return of the Dream Canteen,track,2022,341986,rock,57
The Boat I Row,Tame Impala,The Slow Rush B-Sides & Remixes,track,2022,238320,rock,66
No Love In LA,Palaye Royale,Fever Dream,track,2022,202209,rock,60
Fighter,The Score,Metamorph,track,2022,156666,rock,60
Far Rider,Still Corners,Far Rider,track,2022,425748,rock,53
Verona,Muse,Will Of The People,track,2022,297962,rock,53
Compliance,Muse,Will Of The People,track,2022,250860,rock,52
Where The Silence Goes,LEAP,One Million Pieces,track,2022,173369,rock,58
Enemies,The Score,Metamorph,track,2022,161592,rock,58
LA FINE,Måneskin,LA FINE,track,2022,200588,rock,51
If I Can Dream (From The Original Motion Picture Soundtrack ELVIS),Måneskin,If I Can Dream (From The Original Motion Picture Soundtrack ELVIS),track,2022,196000,rock,54
Head Up,The Score,Metamorph,track,2022,169977,rock,58
Will Of The People,Muse,Will Of The People,track,2022,198849,rock,54
Fire and Rain,James Taylor,"Stranger Things: Soundtrack from the Netflix Series, Season 4",track,2022,202613,rock,56
New Gold (feat. Tame Impala and Bootie Brown),Gorillaz,New Gold (feat. Tame Impala and Bootie Brown),track,2022,215149,rock,63
Princesa equivocada - 2022 Remaster,Ilegales,Ilegales (Edición Deluxe),track,2022,239533,rock,37
Whole Lotta Shakin' Going On - Remastered 2022,Jerry Lee Lewis,The Killer Keys Of Jerry Lee Lewis (Sun Records 70th / Remastered 2022),track,2022,173453,rock,57
Gran Vía 82,Charlie USG,Gran Vía 82,track,2022,184734,rock,40
Step Aside,Goodbye June,See Where The Night Goes,track,2022,247895,rock,52
November Rain - 2022 Version,Guns N' Roses,Use Your Illusion I (Deluxe Edition),track,2022,535733,rock,59
Won’t Stand Down,Muse,Will Of The People,track,2022,209061,rock,56
Darkness At The Heart Of My Love,Ghost,IMPERA,track,2022,298573,rock,62
Kill The Noise,Papa Roach,Ego Trip,track,2022,188127,rock,63
Motels,Royel Otis,Motels,track,2022,203434,rock,63
Viernes 13,Charlie USG,Todo lo que por fin me atreví a decirte,track,2022,199944,rock,45
Beautiful James,Placebo,Never Let Me Go,track,2022,248543,rock,51
Más me duele a mí,Marea,Los potros del tiempo,track,2022,279565,rock,33
Mientras Bailas Sola,Despistaos,Ilusionismo,track,2022,214280,rock,33
Belo Horizonte,Cari Cari,Welcome To Kookoo Island,track,2022,226165,rock,59
Face It Alone,Queen,Face It Alone,track,2022,247186,rock,53
Voices In My Head,Falling In Reverse,Voices In My Head,track,2022,191414,rock,63
Is It Really You?,Sleep Token,Is It Really You?,track,2022,279593,rock,63
Dangerous State of Mind,Chri$tian Gate$,Dangerous State of Mind,track,2022,115620,rock,64
San Quentin,Nickelback,Get Rollin',track,2022,211457,rock,66
Mimos Son Mimos,Babasonicos,Trinchera,track,2022,177540,rock,58
Make Believe,Memphis May Fire,Remade In Misery,track,2022,229007,rock,62
Bad Habits (feat. Bring Me The Horizon),Ed Sheeran,Bad Habits (feat. Bring Me The Horizon),track,2022,250763,rock,59
Bad Things,I Prevail,TRUE POWER,track,2022,228260,rock,62
When You Know (Where You Come From),Scorpions,Rock Believer (Deluxe),track,2022,262146,rock,52
Kill Or Be Killed,Muse,Will Of The People,track,2022,299060,rock,50
Good Will Hunting,"Black Country, New Road",Ants From Up There,track,2022,297906,rock,56
Lux Æterna,Metallica,Lux Æterna,track,2022,205679,rock,53
Hayloft II (SMASHUP),Mother Mother,Hayloft II (SMASHUP),track,2022,223509,rock,58
NI QUE VALIERAS TANTO,Maria De Los Angeles,El Legado,track,2022,234150,rock,46
Definition of ugly is,The Rose,HEAL,track,2022,230279,rock,54
El Botellazo,Angel Guaraca,El Botellazo,track,2022,194930,rock,45
Warning Signs,Band of Horses,Things Are Great,track,2022,260866,rock,51
Give Me a Reason,Boy Harsher,The Runner (Original Soundtrack),track,2022,265560,rock,55
DISCIPLE,The Warning,ERROR,track,2022,220055,rock,54
Memories (with WILLOW),YUNGBLUD,YUNGBLUD,track,2022,155919,rock,55
cough drops,almost monday,cough drops,track,2022,163990,rock,63
No Time to Explain,Good Kid,No Time to Explain,track,2022,156122,rock,59
Chaos Space Marine,"Black Country, New Road",Ants From Up There,track,2022,216680,rock,55
Haldern,"Black Country, New Road",Ants From Up There,track,2022,305213,rock,56
Three Chords,Goodbye June,See Where The Night Goes,track,2022,227753,rock,47
ANIMAL,Tomas Chris,Butterfly,track,2022,201871,rock,50
i just want to hide my face,EKKSTACY,misery,track,2022,132840,rock,56
Human Crime,Pixies,Human Crime,track,2022,187956,rock,51
Sour,The Rose,HEAL,track,2022,200581,rock,55
One Step Ahead,Jack Johnson,One Step Ahead,track,2022,191647,rock,57
Rorschach,El Cuarteto De Nos,Lámina Once,track,2022,237075,rock,52
first death,TK from Ling tosite sigure,first death,track,2022,241575,rock,58
Free Them (feat. Teddy Swims),ONE OK ROCK,Luxury Disease,track,2022,192888,rock,48
2am,Foals,Life Is Yours,track,2022,224178,rock,54
emo girl (feat. WILLOW),mgk,mainstream sellout,track,2022,159096,rock,62
Historia de amor,Mabell de la Rosa,Historia de amor,track,2022,240022,rock,47
"What, Me Worry?",Portugal. The Man,"What, Me Worry?",track,2022,177397,rock,58
Take Me Out,Franz Ferdinand,Hits To The Head,track,2022,239708,rock,54
Here Ever After,Red Hot Chili Peppers,Unlimited Love,track,2022,230342,rock,55
Humans,Night Tapes,Humans,track,2022,251690,rock,60
ZOMBIFIED,Falling In Reverse,ZOMBIFIED,track,2022,218520,rock,61
Natural Born Killer,Dynazty,Final Advent,track,2022,205826,rock,54
MONEY,The Warning,ERROR,track,2022,194896,rock,55
Peace and Love,Red Hot Chili Peppers,Return of the Dream Canteen,track,2022,243224,rock,55
Tippa My Tongue,Red Hot Chili Peppers,Return of the Dream Canteen,track,2022,260808,rock,55
Parasite,Connor Kauffman,Parasite,track,2022,145890,rock,60
White Braids & Pillow Chair,Red Hot Chili Peppers,Unlimited Love,track,2022,220523,rock,55
sTraNgeRs,Bring Me The Horizon,sTraNgeRs,track,2022,195747,rock,60
Billie Toppy,Men I Trust,Billie Toppy,track,2022,195289,rock,60
Yen,Slipknot,"The End, So Far",track,2022,283786,rock,59
Basketball Shoes,"Black Country, New Road",Ants From Up There,track,2022,757440,rock,54
Quisiera embriagarme,Azucena Aymara,Solo Éxitos,track,2022,196069,rock,43
Ya No Sos Igual,2 minutos,Ya No Sos Igual,track,2022,222541,rock,45
ABC (feat. Sophia Black),Polyphia,Remember That You Will Die,track,2022,152361,rock,58
Can I Call You Tonight? / Quarterback,Cal in Red,Can I Call You Tonight? / Quarterback,track,2022,195310,rock,57
Cuando Florezca El Amor,Juanita Burbano,Mis Mejores Éxitos,track,2022,259320,rock,44
In The Air Tonight,State of Mine,In The Air Tonight,track,2022,300631,rock,58
Save Yourself,ONE OK ROCK,Luxury Disease,track,2022,197995,rock,54
Vertigo,Edwin Rosen,Vertigo,track,2022,210191,rock,67
9 lives,mgk,mainstream sellout (life in pink deluxe),track,2022,181496,rock,58
Kryptonite (Reloaded),Jeris Johnson,Kryptonite (Reloaded),track,2022,157799,rock,63
Lifetime,Three Days Grace,EXPLOSIONS,track,2022,176235,rock,60
Let Me Let You Go,ONE OK ROCK,Luxury Disease,track,2022,180211,rock,55
Self-Destruction,I Prevail,TRUE POWER,track,2022,146176,rock,62
Bye Bye,Babasonicos,Trinchera,track,2022,250760,rock,58
Rock Believer,Scorpions,Rock Believer (Deluxe),track,2022,237128,rock,49
DOCTORA II,Piti Fernández,Caminos Bríos,track,2022,337538,rock,57
NO ESCAPE,HEALTH,DISCO4 :: PART II,track,2022,214333,rock,56
her smile,Keanu Bicol,butterfly / her smile,track,2022,235536,rock,56
Intro,"Black Country, New Road",Ants From Up There,track,2022,54906,rock,52
Watcher In The Sky,Ghost,IMPERA,track,2022,348333,rock,53
Along,GHOSTWOMAN,Ghost Woman,track,2022,201986,rock,48
That Girl,Emei,That Girl,track,2022,140426,rock,58
Time,The Rose,HEAL,track,2022,190784,rock,51
The Fight Within,Memphis May Fire,Remade In Misery,track,2022,234114,rock,55
Troublemaker,Black Pontiac,From Bad to Worse (And Back Again),track,2022,204760,rock,57
Don't Miss,The Blue Stones,Pretty Monster,track,2022,187666,rock,52
NOTHING ON THE LINE,George Barnett,NOTHING ON THE LINE,track,2022,204650,rock,56
Ghosts (How Can I Move On),Muse,Will Of The People,track,2022,217034,rock,47
Club De Vampiros,French Police,Club De Vampiros,track,2022,189428,rock,54
Tu Reino Está Aquí - En Vivo,Generación 12,Tu Reino Está Aquí (En Vivo),track,2022,333871,rock,52
Sad Disco,flipturn,Shadowglow,track,2022,227213,rock,63
No Choice,Tame Impala,The Slow Rush B-Sides & Remixes,track,2022,221826,rock,56
Moment In The Sun - Bonus Track,Sunflower Bean,Headful of Sugar,track,2022,189634,rock,43
We Don't Know What Tomorrow Brings,The Smile,A Light for Attracting Attention,track,2022,196752,rock,50
Sultans Of Swing - Remastered 2022,Dire Straits,Money For Nothing (Remastered 2022),track,2022,348680,rock,47
Bowling Alley Thug,Surf Hat,Surf Hat,track,2022,179217,rock,60
Let Em' Out,PERSONA 749,Let Em' Out,track,2022,209361,rock,56
The Girl Is Mine (with Paul McCartney),Michael Jackson,Thriller 40,track,2022,221677,rock,51
Renegades,ONE OK ROCK,Luxury Disease,track,2022,244538,rock,57
veil,akiaura,veil,track,2022,107776,rock,58
Human Nature,Michael Jackson,Thriller 40,track,2022,245913,rock,53
Survivor,All Good Things,Survivor,track,2022,193840,rock,54
Brothers In Arms - Edit / Remastered 2022,Dire Straits,Money For Nothing (Remastered 2022),track,2022,298840,rock,45
Camino Largo Versión 2,Angel Guaraca,Camino Largo Versión 2,track,2022,213132,rock,44
Waiting On The Sky To Change,STARSET,Waiting On The Sky To Change,track,2022,244135,rock,59
EVOLVE,The Warning,ERROR,track,2022,213308,rock,53
Do You,GHOSTWOMAN,Ghost Woman,track,2022,184760,rock,51
The Shape I'm Takin',Red Hot Chili Peppers,The Shape I'm Takin',track,2022,215365,rock,52
BRIGHTSIDE,The Lumineers,BRIGHTSIDE,track,2022,229773,rock,52
Nunca Lo Olvides,Airbag,Nunca Lo Olvides,track,2023,299810,rock,67
More the Victim,Linkin Park,Meteora 20th Anniversary Edition,track,2023,161000,rock,63
The End of a Gun,GHOSTWOMAN,"Anne, If",track,2023,191451,rock,62
Eyes Without A Face,Sinnerella,Eyes Without A Face,track,2023,135206,rock,68
From the Start,Good Kid,From the Start,track,2023,150047,rock,76
Kool Aid,Royel Otis,Sofa Kings,track,2023,216665,rock,71
Take Me Back To Eden,Sleep Token,Take Me Back To Eden,track,2023,500116,rock,76
Fighting Myself,Linkin Park,Meteora 20th Anniversary Edition,track,2023,201428,rock,69
VALENTINE,Måneskin,RUSH! (ARE U COMING?),track,2023,216997,rock,65
GOSSIP (feat. Tom Morello),Måneskin,GOSSIP (feat. Tom Morello),track,2023,168280,rock,67
Nada que perder,Robe,Se nos lleva el aire,track,2023,370000,rock,67
Weak In Your Light,Nation of Language,Strange Disciple,track,2023,255438,rock,63
Sofa King,Royel Otis,Sofa Kings,track,2023,196317,rock,69
Dial Tone,Catch Your Breath,Shame On Me,track,2023,200495,rock,70
OWN MY MIND,Måneskin,RUSH!,track,2023,191856,rock,63
Tu mejor versión,Rulo y la contrabanda,5,track,2023,194986,rock,37
Lost,Linkin Park,Lost,track,2023,199342,rock,70
El ataque de las chicas cocodrilo,Hombres G,El ataque de las chicas cocodrilo,track,2023,157833,rock,49
Viajando por el interior,Robe,Se nos lleva el aire,track,2023,415000,rock,53
novio del año,Paula Koops,novio del año,track,2023,154719,rock,42
Ininteligible,Robe,Se nos lleva el aire,track,2023,409000,rock,52
Watch The World Burn,Falling In Reverse,Watch The World Burn,track,2023,203948,rock,67
Confeti,Rulo y la contrabanda,5,track,2023,236597,rock,38
Cuenta conmigo,Hens,No Me Odio Tanto,track,2023,166717,rock,39
Foaming,Day We Ran,Foaming,track,2023,193906,rock,67
Mi Mejor Versión,Walls,Mi Mejor Versión,track,2023,201833,rock,49
Hate.,ThxSoMch,Hate.,track,2023,134769,rock,71
Uróboros,Albertucho,El regreso del Perro Andaluz,track,2023,217900,rock,41
Colateral,Lemot,Colateral,track,2023,151356,rock,42
Me has jodido el ciclo del sueño,Hens,No Me Odio Tanto,track,2023,161500,rock,39
Para volverte a decir,Arco,Sol,track,2023,191231,rock,46
No Me Haces Bien,Calero LDN,No Me Haces Bien,track,2023,260342,rock,43
Cansado de estar triste,Xavibo,Papel de Burbujas,track,2023,175867,rock,45
BABY SAID,Måneskin,RUSH!,track,2023,164682,rock,72
HOOLIGANG,Joey Valence & Brae,PUNK TACTICS,track,2023,168000,rock,69
scars,Novulent,VOL. 1,track,2023,95002,rock,71
HONEY (ARE U COMING?),Måneskin,RUSH!,track,2023,167276,rock,72
PUNK TACTICS,Joey Valence & Brae,PUNK TACTICS,track,2023,143609,rock,73
Lo noto,Hombres G,Del rosa al amarillo,track,2023,259079,rock,62
Hard to Say I'm Sorry,Chicago,Love from Chicago,track,2023,221413,rock,65
Hey Jude - 2015 Mix,The Beatles,The Beatles 1967 – 1970 (2023 Edition),track,2023,431453,rock,71
OFF MY FACE,Måneskin,RUSH! (ARE U COMING?),track,2023,149835,rock,66
"I'll Try Anything Once (""You Only Live Once"" demo) - Heart In a Cage B-Side",The Strokes,The Singles - Volume 01,track,2023,194651,rock,58
Killer,Mareux,Lovers From The Past,track,2023,186706,rock,65
Jesus He Knows Me,Ghost,Jesus He Knows Me,track,2023,245240,rock,58
Psycho In My Head,Skillet,Dominion: Day of Destiny,track,2023,197480,rock,63
Angry,The Rolling Stones,Angry,track,2023,226735,rock,55
BLA BLA BLA,Måneskin,RUSH!,track,2023,184660,rock,55
So Good at Being in Trouble,Unknown Mortal Orchestra,II (10 Year Anniversary Edition),track,2023,230146,rock,62
Alaska,Bunbury,Greta Garbo,track,2023,258573,rock,52
Living In A Haze,Milky Chance,Living In A Haze,track,2023,173369,rock,58
Blame Brett,The Beaches,Blame My Ex,track,2023,177003,rock,68
unknown feelings,Novulent,unknown feelings,track,2023,134627,rock,70
wonder if you care,flyingfish,wonder if you care,track,2023,134556,rock,68
Silent Running (feat. Adeleye Omotayo),Gorillaz,Cracker Island,track,2023,266338,rock,62
Human - Edit,The Human League,Human,track,2023,228093,rock,60
STARTAFIGHT,Joey Valence & Brae,PUNK TACTICS,track,2023,187301,rock,61
READ YOUR DIARY,Måneskin,RUSH!,track,2023,150695,rock,58
No More Lies,Thundercat,No More Lies,track,2023,327217,rock,64
Happier (feat. Oli Sykes of Bring Me The Horizon),YUNGBLUD,Happier (feat. Oli Sykes of Bring Me The Horizon),track,2023,204458,rock,61
Suffocation - Slowed,noturgf,Suffocation (Slowed),track,2023,64842,rock,64
Desaparecer,Bunbury,Greta Garbo,track,2023,234586,rock,52
72 Seasons,Metallica,72 Seasons,track,2023,459120,rock,56
Sentada en un Bar,Cecy Narvaez,ÉXITOS,track,2023,242068,rock,51
She got the bomb,Billylildove,She got the bomb,track,2023,131394,rock,58
DON'T WANNA SLEEP,Måneskin,RUSH!,track,2023,156057,rock,56
Mess It Up,The Rolling Stones,Hackney Diamonds,track,2023,243687,rock,52
Veneno para Olvidar,Hipatia Balseca,Por Siempre,track,2023,233826,rock,51
FEEL,Måneskin,RUSH!,track,2023,167969,rock,55
Feeling For You,Milky Chance,Living In A Haze,track,2023,221560,rock,59
"Within You, Within Me",Meltt,Eternal Embers,track,2023,198613,rock,63
Stuck,Thirty Seconds To Mars,It’s The End Of The World But It’s A Beautiful Day,track,2023,182746,rock,57
Last Resort - Reimagined,Falling In Reverse,Last Resort (Reimagined),track,2023,283714,rock,62
GASOLINE,Måneskin,RUSH!,track,2023,221062,rock,58
En el mismo bar,De Rancho,Camper Season,track,2023,162500,rock,34
Back To Me,The Rose,DUAL,track,2023,224968,rock,62
Mimi's Delivery Service,Good Kid,Mimi's Delivery Service,track,2023,178924,rock,67
Diamante Roto,El Mató a un Policía Motorizado,Súper Terror,track,2023,181766,rock,36
Shame On Me,Catch Your Breath,Shame On Me,track,2023,201723,rock,68
I Ran (So Far Away) - Single Edit,A Flock Of Seagulls,A Flock Of Seagulls (Deluxe),track,2023,221798,rock,63
Children of the Sky (a Starfield song),Imagine Dragons,Children of the Sky (a Starfield song),track,2023,207611,rock,60
Right Thing,Bayonne,Temporary Time,track,2023,222773,rock,65
XAO,Marlon,Que Se Caiga el Cielo,track,2023,140703,rock,35
Tu gemido sabe a rejas,Mala Hierba,Tu gemido sabe a rejas,track,2023,237826,rock,36
Caricias en tu espalda (feat. MARLENA),Despistaos,Caricias en tu espalda (feat. MARLENA),track,2023,184867,rock,35
Aprender de lo Vivido,Periferia,Fortuna o Discordia,track,2023,180736,rock,36
La Marea Nunca Te la Va a Devolver,Rojuu,Salsa Valentina,track,2023,127625,rock,46
Pls Cheat On Me,Precious Pepala,Pls Cheat On Me,track,2023,171022,rock,61
Make It Out Alive,ONE OK ROCK,Make It Out Alive,track,2023,209799,rock,61
Fight Fire With Gasoline,Self Deception,You Are Only As Sick As Your Secrets,track,2023,228727,rock,58
Realize,Trxy!,Realize,track,2023,115401,rock,63
Paradox,Survive Said The Prophet,Paradox,track,2023,241153,rock,54
Rinsed,Dean Blunt,Rinsed,track,2023,106805,rock,65
Baby Queen,Gorillaz,Cracker Island,track,2023,220105,rock,58
Fall Into,Ally Nicholas,Fall Into,track,2023,186857,rock,63
Entre dos tierras,Till Lindemann,Entre dos tierras,track,2023,225128,rock,48
Pass The Nirvana,Pierce The Veil,The Jaws Of Life,track,2023,197373,rock,69
Red Hearts,Marlon Funaki,Red Hearts,track,2023,197111,rock,63
This Is Why,Paramore,This Is Why,track,2023,206700,rock,63
LosT,Bring Me The Horizon,LosT,track,2023,205368,rock,62
Look What You've Done,Radio Free Alice,Radio Free Alice,track,2023,193413,rock,56
never enough,otuka,never enough,track,2023,112622,rock,62
Think Fast (feat. Weezer),Dominic Fike,Sunburn,track,2023,222839,rock,64
Into The Otherside,The Listros,Into The Otherside,track,2023,215782,rock,59
Under You,Foo Fighters,But Here We Are,track,2023,219393,rock,54
Lifeline,The Rose,DUAL,track,2023,161833,rock,54
Negrita Consentida,Marcelo Bedoya,Karahuay,track,2023,212600,rock,48
Need A Favor,Jelly Roll,Whitsitt Chapel,track,2023,197400,rock,74
kisses,Slowdive,everything is alive,track,2023,237434,rock,58
DArkSide,Bring Me The Horizon,DArkSide,track,2023,164790,rock,59
You're Beautiful,The Rose,DUAL,track,2023,235175,rock,56
Timezones,Schur,The Unsure Mixtape,track,2023,212517,rock,57
Hangfire,Wind Walkers,What If I Break?,track,2023,195217,rock,64
Monolith,Twin Tribes,Monolith,track,2023,264656,rock,61
Osmosis,Good Kid,Good Kid 3,track,2023,173122,rock,60
21 Gun Salute,Catch Your Breath,Shame On Me,track,2023,226240,rock,64
Until I Know,Panchiko,Failed at Math(s),track,2023,203368,rock,67
Lovers From The Past,Mareux,Lovers From The Past,track,2023,199280,rock,62
Alice,Steven Rodriguez,Alice,track,2023,154277,rock,57
Only in Your Eyes,Meltt,Eternal Embers,track,2023,207774,rock,60
La tormenta perfecta,Bunbury,Greta Garbo,track,2023,183240,rock,49
Off The Edge (with LUNA AURA),VOILÀ,The Cure for Breathing,track,2023,164469,rock,60
MARK CHAPMAN,Måneskin,RUSH!,track,2023,220167,rock,52
KOOL KIDS,Måneskin,RUSH! (ARE U COMING?),track,2023,163177,rock,53
Going Kokomo,Royel Otis,Sofa Kings,track,2023,190626,rock,58
Tu Misterioso Alguien,Miranda!,Hotel Miranda!,track,2023,239359,rock,57
Geneva Strangemod,Glyders,Maria's Hunt,track,2023,160615,rock,56
Bogus Operandi,The Hives,The Death Of Randy Fitzsimmons,track,2023,223785,rock,50
Nuestros mundos no obedecen a tus mapas,Bunbury,Greta Garbo,track,2023,215346,rock,48
Great Time To Be Human,Jagwar Twin,Great Time To Be Human,track,2023,203108,rock,62
The Narcissist,Blur,The Ballad of Darren,track,2023,245225,rock,54
Bring Me To Life - Remastered 2023,Evanescence,Bring Me To Life (Demo / Remastered),track,2023,236400,rock,57
rose,jaydes,ghetto cupid,track,2023,126233,rock,65
We Didn’t Start The Fire,Fall Out Boy,We Didn’t Start The Fire,track,2023,215530,rock,62
Good enough,Xdinary Heroes,Deadlock,track,2023,237533,rock,58
Emergency Contact,Pierce The Veil,The Jaws Of Life,track,2023,240000,rock,68
for her,whatsaheart,for her,track,2023,174680,rock,62
Sleepwalking,All Time Low,Tell Me I'm Alive,track,2023,187344,rock,59
Modern Girls & Old Fashion Men - Reptilia B-Side,The Strokes,The Singles - Volume 01,track,2023,218417,rock,54
No Soy de Tu Clase,Bayron Caicedo,"En la Vida Hay Que Gozar, Vol. 3",track,2023,214595,rock,45
I Wanna Dance With You,Royel Otis,Sofa Kings,track,2023,174761,rock,56
Counting Stars,No Resolve,Counting Stars,track,2023,232184,rock,59
"You're Not Gone, You're Just Dead!",VIOLENT VIRA,Till' Death Was Never Enough,track,2023,175229,rock,64
Death Of An Executioner,Pierce The Veil,The Jaws Of Life,track,2023,267800,rock,67
El Locutorio,Bayron Caicedo,"En la Vida Hay Que Gozar, Vol. 3",track,2023,186105,rock,42
Paper Machete,Queens of the Stone Age,In Times New Roman...,track,2023,202776,rock,52
another soul,MICO,the tears we fight EP,track,2023,177142,rock,57
Metaphor,Marlon Funaki,Metaphor,track,2023,237794,rock,60
Dead Talk,Wind Walkers,What If I Break?,track,2023,195085,rock,61
The New Thing Dies,Ray Bull,Easy Way To Lose,track,2023,228500,rock,51
Rigor Mortis Radio,The Hives,The Death Of Randy Fitzsimmons,track,2023,148738,rock,45
harder to lie.,elijah,harder to lie.,track,2023,210124,rock,61
De vuelta a casa,Bunbury,Greta Garbo,track,2023,263306,rock,45
With Or Without You,Pacifica,Freak Scene,track,2023,154337,rock,49
En la Vida Hay Que Gozar,Bayron Caicedo,"En la Vida Hay Que Gozar, Vol. 3",track,2023,219892,rock,43
If Darkness Had a Son,Metallica,72 Seasons,track,2023,396293,rock,51
zzz,60 juno,zzz,track,2023,177662,rock,59
Screaming Suicide,Metallica,72 Seasons,track,2023,330453,rock,52
Dummy,Portugal. The Man,Chris Black Changed My Life,track,2023,145093,rock,58
Shadows Follow,Metallica,72 Seasons,track,2023,371880,rock,51
Voces de Invierno,Jero Jones,Transferencia,track,2023,193218,rock,46
WORTHLESS,d4vd,Petals to Thorns,track,2023,163049,rock,61
Find A Way,Balu Brigada,Find A Way,track,2023,227000,rock,57
Meeting The Master,Greta Van Fleet,Starcatcher,track,2023,312084,rock,52
That's Why We Fight (feat. Koe Wetzel),Ella Langley,Excuse The Mess,track,2023,163973,rock,74
La Mitad de Mi,Bayron Caicedo,"En la Vida Hay Que Gozar, Vol. 3",track,2023,237145,rock,45
Untitled #13,glwzbll,Untitled #13,track,2023,115054,rock,58
DYWTYLM,Sleep Token,Take Me Back To Eden,track,2023,240737,rock,64
Perfect,Bayonne,Temporary Time,track,2023,199986,rock,57
Armagedón por compasión,Bunbury,Greta Garbo,track,2023,222813,rock,46
