track_id,name_track,name_artist,name_album,type,year,duration_ms,genre,popularity,explicit,artist_id
6oTcFwFYLqTDRhcxPhRh2S,Where We All Soar,Noah Jacob,Where We All Soar,track,2019,519383,chill,0,False,41AIkbpAuntIq40gd5hIPb
6eJeegwBX8GynY5Ii8Fzfz,Time 2 Quit - Remix Instrumental,BUPPON,enDroll : 12inch CLUB Package,track,2019,188223,chill,0,False,4Q4bzvnwPmKRWqdL33NIQ6
4vIAAUdx5BkNSqVy83syRu,Lotus Yoga,Sami Sivananda,"Relax in Style, Vol. 3",track,2019,262789,chill,0,False,1OATfjEIsg2QApzc0fUpvM
4Ml9hEUAlkmglMAztujCd1,The Breath Of Ganges,Mirage Of Deep,"Chill Out Whisper, Vol. 2",track,2019,441493,chill,0,False,0xfaXLGoGFTU4aLYFwZ9ID
7g3qU6olwe8GdGaX4hc1uJ,Your Christmas Spirit,Tom Kalani,Atmospheric,track,2019,184390,chill,0,False,19b5Zn4pI7sCFiHfSlRFSc
2RujuQwHvwujmJG6hoYpI3,Narrow,Zedman,Brain Storm,track,2019,165929,chill,0,True,4XuGwmUZVLSlTLGl5FZdaH
069s5xbtIJ2AHhGDi70c29,Inner Peace,Sami Sivananda,"Enjoy the Silence, Vol. 7",track,2019,264550,chill,0,False,1OATfjEIsg2QApzc0fUpvM
6dopmCbCDs2PLkuvCFKzgq,Bamboo Girl,Sunyata Project,Pure Wellness 7,track,2019,206150,chill,0,False,7vyy3QthwHCQtdcPAX7HUu
4hs5V4m7Z5C1CAVAFQMrLT,Sunset Traveller,Marga Sol,"Calm WInter Eve, Vol. 1 (Finest In Chill Out & Ambient Sound For The Cozy Time Of The Year)",track,2019,429714,chill,0,False,4y7BFiVRM23Sw8fUPcfXRI
7BKdfgXw95FFU1qyR5yCwn,Mike Shoes,Zedman,Mike Shoes,track,2019,176222,chill,0,True,4XuGwmUZVLSlTLGl5FZdaH
3aQRfaNrPAqEWHmsEZAsF0,Zavior,Zedman,Zavior,track,2019,169010,chill,0,True,4XuGwmUZVLSlTLGl5FZdaH
2dw0zOjSt46gMx76otCtzH,Rubber,Zedman,Naibu,track,2019,158083,chill,0,True,4XuGwmUZVLSlTLGl5FZdaH
4wL62ktBaG2S0toWtyJBzN,Pai Mu Tan - SPA Mix,Florito,"Drops Of Summer (The Electronic Collection), Vol. 3",track,2019,306189,chill,0,False,6VlbPHHnYe35oIY73BU78V
3JPPjjQf8poShKyXn5GIjz,Voyage - Enigmatic Spirit Mix,Artenovum,"The Forest Chill Lounge, Vol. 15 (Deep Moods Music with Smooth Ambient & Chillout Tunes)",track,2019,304333,chill,0,False,3SPG8VuJfCW9YUtiXItgNP
5dJCYRRC7c4Qk7HhM0gaDf,True Love,Merge of Equals,Balearic Chill #5,track,2019,276100,chill,0,False,4j1p1KErGMTybMJwWEm8AP
3T0jG66EY8j0M0pauu6yYP,Sober,David Emde,Smile,track,2019,235000,chill,0,True,5RJZfbpmq3aRaRBYP1Q89D
2qXAIkan2C3bFTSLDXo10G,King,Zedman,Cards,track,2019,259134,chill,0,True,4XuGwmUZVLSlTLGl5FZdaH
3n9yg128owo64fKyh88nIb,Are You Hiding - Original Mix,Ganga,"Floating Clouds (Amazing Chill out Anthems), Vol. 1",track,2019,378063,chill,0,False,0i6vkNic4Oz5lswGJIMsim
6Ew0ROwBv3SpviL3DGDLj4,Pi Lo Chun,Sunyata Project,"Supreme Relax, Vol. 3",track,2019,347075,chill,0,False,7vyy3QthwHCQtdcPAX7HUu
0VlaPMN0J2VnHnPW5wTYsc,Atolls,Coral Chiller,Buddha Hotel Suite Special,track,2019,274006,chill,0,False,1ga9b9ldU5OjOeFx7v5sHH
6SBYERSZB6VkmIMnxCbfNC,Mahareena - Extended Mix,Sunyata Project,"Relax in Style, Vol. 3",track,2019,300742,chill,0,False,7vyy3QthwHCQtdcPAX7HUu
4Sw38G1WQ1VAMDoPivAI4V,Twice,Shannon & Keast,90S 00S and 10S Covers,track,2019,158025,chill,0,False,48hHNfz4xNPbsKEZOkNfmN
6UXLdfX9vq6F9ORMYp8YRI,Look Inside,Tom Kalani,Atmospheric,track,2019,133199,chill,0,False,19b5Zn4pI7sCFiHfSlRFSc
5HXYhLuiwRIj5tVAEwmNG7,Love Revolucion - Original Mix,Marga Sol,Singapore Orange (Urban Oriental Music),track,2019,372169,chill,0,False,4y7BFiVRM23Sw8fUPcfXRI
6nIt23akdic73oXateHPbm,Temple Tunes,Sami Sivananda,Inner Balance: Chillout Your Soul 7,track,2019,405714,chill,0,False,1OATfjEIsg2QApzc0fUpvM
2LsHKj77KhmJDlptOLxyVY,Satori,Sami Sivananda,Inner Balance: Chillout Your Soul 6,track,2019,325047,chill,0,False,1OATfjEIsg2QApzc0fUpvM
4BgnzUhldhBE2NII3qcGGL,Wide Emotions - Floating String Chillout Mix,For Found Future,"Buddhatronic - the Compilation, Vol. IV (Best of Mystic Bar Sound Meets Buddha Chill out Lounge)",track,2019,312000,chill,0,False,0LurxDVueuha5DdlNAuQHk
6WtmBr5tAa5pcshR4HjZ3j,Waterworlds,Ingo Herrmann,Truth,track,2019,168250,chill,0,False,1BmhDaTOi6GpVgiDAHasTX
7hYAZTdKfLqRxakwUMJc3t,Les Pieds Dans L'Eau,Peter Pearson,"Una Noche Mas (Solo Lounge Anthems), Vol. 2",track,2019,329600,chill,0,False,6BrmS3FaejcqcUYOtHbrC8
2OlgtBeLmMAuER0awGn5Hy,Nower,David Emde,Smile,track,2019,175125,chill,0,False,5RJZfbpmq3aRaRBYP1Q89D
4n7kbx5Y7h2VOABfo0Oby2,Here,Placid Larry,"Sunset Meditation - Relaxing Chill Out Music, Vol. 10",track,2019,226017,chill,0,False,1f81RaxRAUSGhGMzUOHEIb
5kFNq1kBa9YGftvLsWzOlR,The Star of the County Down,Lasse Ivonen,Celtic Tunes on Classical Guitar,track,2019,135891,chill,0,False,4FLrO7HeEPdqMGIzKZwl5f
6ZXS9qZHR6s658xXDTwDgZ,Let Me In,Chloe Kay,Fall Into U,track,2019,198449,chill,0,False,51GieYvdLrSrV9hNNtjRv7
35k8xj6morYzFokVzcGhtM,Pure,Sami Sivananda,"Chillout Connection, Vol. 5",track,2019,297000,chill,0,False,1OATfjEIsg2QApzc0fUpvM
4uIDThcEtDqOdtPodauAvj,Up,Zedman,Up,track,2019,199653,chill,0,True,4XuGwmUZVLSlTLGl5FZdaH
1QngvID3vgLWlAGG0w2216,Sunset,Sami Sivananda,"Enjoy the Silence, Vol. 5",track,2019,97050,chill,0,False,1OATfjEIsg2QApzc0fUpvM
5uYJf2MP20H9LxPuycvkVu,Run/,Zedman,Zavior,track,2019,173509,chill,0,True,4XuGwmUZVLSlTLGl5FZdaH
6HsXeSNnNccuoo7WHrFwza,Dive - Late Night Chill Version,Thomas Lemmer,Sensual Spa Lounge 10 - Chill-Out & Lounge Collection,track,2019,346000,chill,0,False,01Ix2zdjR4PQ2eYMpclD9d
4LcHHeVLMCnfJi5T9mMlY4,Plan B,Zedman,Zavior,track,2019,159405,chill,0,True,4XuGwmUZVLSlTLGl5FZdaH
7ogYy0wpkuVB6JDksxoPdo,Blissful Mind,Thomas Lemmer,RLX #22 - The Chill Out Collection,track,2019,255221,chill,0,False,01Ix2zdjR4PQ2eYMpclD9d
4Y6XuCdjXtqLBa8y9giEq5,Eternally in Love - Original Mix,Sami Sivananda,Asian Heart Lounge: Chillout Your Mind,track,2019,288000,chill,0,False,1OATfjEIsg2QApzc0fUpvM
1IKZ8TpUKldhWvtDV5povq,Vanila Sky,Marga Sol,Sunset Beach Lounge: The Best Chill Out Music for My Beach Party,track,2019,411457,chill,0,False,4y7BFiVRM23Sw8fUPcfXRI
49ovlTdnDr7muRkoHbYoFH,Sleeping Thoughts,Coral Chiller,"Champagne Loungin, Vol. 9 (Compiled by Eddie Silverton)",track,2019,344962,chill,0,False,1ga9b9ldU5OjOeFx7v5sHH
40LPLCCzrbEVjxmtrmi92e,Missing You - Beauty Way of Life Instrumental Mix,Artenovum,"Chill on the Beach, Vol. 6 (20 Finest Balearic Chillhouse & Ibiza Chillout Lounge Tunes)",track,2019,265333,chill,0,False,3SPG8VuJfCW9YUtiXItgNP
2BoeyUWxyN8g6KI0lRc63j,Come & Love Me - Original Mix,Marga Sol,Lovers Lounge (Chillout Your Mind),track,2019,275999,chill,0,False,4y7BFiVRM23Sw8fUPcfXRI
0ZJ0tNRyRj766EKDa2N4dt,Maha-Amba - Living Room Remix,Mathieu & Florzinho,"Lakeside Chill Sounds, Vol. 15",track,2019,352000,chill,0,False,2F8wI7ksQbqhKuHO6dhDB6
0wepugwDwKZvWJr6Kdeig2,Clouds,Beatkonexion,Enchilladas - Daily Spa Chillout Lounge - Editión Uno,track,2019,218993,chill,0,False,7GLFOIPLtKm8fck9zTcWj3
04JZjwJo8CrJMbBFjBRJbn,I Hope Yesterday Never Comes - Original Mix,Steen Thottrup,"Floating Clouds (Amazing Chill out Anthems), Vol. 1",track,2019,403026,chill,0,False,6tPMvCqpjXjP9Iezu41j3E
24twKWteyaiPM3WZ238289,Eternally in Love,Sami Sivananda,"Supreme Relax, Vol. 5",track,2019,288550,chill,0,False,1OATfjEIsg2QApzc0fUpvM
5DW9EVO562Ok77EyJfcvGD,Words = Weapon,Zedman,Brain Storm,track,2019,185573,chill,0,True,4XuGwmUZVLSlTLGl5FZdaH
572qKBJo8woS7UkmvnWGH9,Meet Me There,Ganga,Mykonos Sunsets (The Chill Out Beach Edition),track,2019,291213,chill,0,False,0i6vkNic4Oz5lswGJIMsim
7KhEQY4aRfJDMSf1EHJfPT,Harder I Go,Winston,In House Beefin,track,2019,225660,chill,0,True,6E1DyR6bvRaPVzRw3DW6D9
5L8VlYZRXRs5vU0xgN6MEL,Down in Jaipur,Mathieu & Florzinho,RLX #25 - The Chill Out Collection,track,2019,317373,chill,0,False,2F8wI7ksQbqhKuHO6dhDB6
6Dr08opY7khvnW5YTZJdY1,Ace,Zedman,Cards,track,2019,275147,chill,0,True,4XuGwmUZVLSlTLGl5FZdaH
4EUVqJNWZrERvLRp7pstGW,Buckle Up - Mixed,Summer Heart,Kitsuné Musique Mixed by Kinder (DJ Mix),track,2019,147385,chill,0,False,0JlTFsR41vwvQTppOR3yio
5Ha6QQrH200Hv9i8TOGDJW,Use Somebody,Shannon & Keast,90S & 00S Love Songs,track,2019,207921,chill,0,False,48hHNfz4xNPbsKEZOkNfmN
3Seb1NuUDgHUDc294LdDN2,Movie,Zedman,Cards,track,2019,223425,chill,0,True,4XuGwmUZVLSlTLGl5FZdaH
3pSRvY0NCBNPHm5jg9svCv,Parabolic,Jens Buchert,Ibiza Chillout #9,track,2019,320974,chill,0,False,6alaxwLNRgI8B82ki2nLMj
6OV3WzrYv6uNIoBwJiWZaj,The Wind,Ganga,"Lounge & Summer, Vol. 4",track,2019,281910,chill,0,False,0i6vkNic4Oz5lswGJIMsim
3Mqoz1yHaGpMCWOsN51m4t,Quite Some Time,David Emde,Smile,track,2019,186986,chill,0,True,5RJZfbpmq3aRaRBYP1Q89D
150i2lfQW89Q2RDWguJP73,The Nearness of You,Shannon & Keast,Jazz Music Playlist for Studying,track,2019,226712,chill,0,False,48hHNfz4xNPbsKEZOkNfmN
23QktDR9qKiNSVPz9VY3pC,The Ocean - Original Mix,Marga Sol,Zen Lounge (Chillout Your Mind),track,2019,312333,chill,0,False,4y7BFiVRM23Sw8fUPcfXRI
0Srm5d6nm2wD9Odi4rJtlu,Zealous - Atmosphere Edit,Loungeside,New Perspectives of Chillout,track,2019,354600,chill,0,False,7Fc3a0KSI8Lrdyl7LKAMAg
4Cp0hJbinYvgxPkmu99yPq,Surrounding - Extended Mix,Sunyata Project,Fahrstuhl Musik: Etage 2,track,2019,355195,chill,0,False,7vyy3QthwHCQtdcPAX7HUu
3u5lYrUU0BkSaDDVUymoRN,Won't Give up (Cafe Del Mar Mix),Roberto Sol,"Hotel Lounge, Vol. 3",track,2019,254067,chill,0,False,55UZtehjnrMmLlIk6UXjxS
76DXeNyLD6Z6St9GF8Ljgi,Spirit of Ashram - Extended Mix,Sunyata Project,Meditation Zone 7,track,2019,340729,chill,0,False,7vyy3QthwHCQtdcPAX7HUu
5m6FlDw77Y2MCpsOBAgl70,Another Orbit - Your Dreams Mix,Jean Mare,"Cherry Blossoms Springtime Chill, Vol. 2 (Finest Ambient and Background Music to Relax)",track,2019,215100,chill,0,False,228Fo5ITCDh5RPK5EkxBl5
6SqTD1y3ukYfLhEnL38Fca,Nirvana Song - Dreamers inc & ThroDef remix,Nacho Sotomayor,Singapore Orange (Urban Oriental Music),track,2019,372636,chill,0,False,4uRLIC5uQs3CzTq7jEcrzJ
0bUxNHEyRy79zO8QBjqscN,Wonderful - Dreamersinc & Throdef Deep Remix,Nacho Sotomayor,"Pink Lounge Collection, Vol. 3",track,2019,416965,chill,0,False,4uRLIC5uQs3CzTq7jEcrzJ
2ahcXZWU8H1BhXHFFOZBQH,Me,Zedman,Naibu,track,2019,202135,chill,0,True,4XuGwmUZVLSlTLGl5FZdaH
2ZVdGhxcMprgMDrCIXwAJ6,Golden Lightfalls,Ganga,Golden Lightfalls,track,2019,285663,chill,0,False,0i6vkNic4Oz5lswGJIMsim
2vzMLbsqEsPJMgZBEoIiEX,What We Had - Love Mix,Marga Sol,"Chilled Weekend, Vol. 4 (Keep Calm And Enjoy This Amazing Mix Of Down Beat Tunes)",track,2019,301781,chill,0,False,4y7BFiVRM23Sw8fUPcfXRI
4vfBYx2jIz37gnA47hUXOn,Nothing Without You - Original Mix,Weathertunes,"Sunrise, Sunset & Moonlight (25 Beautiful Vocal Tunes) [Moonlight Edition]",track,2019,240533,chill,0,False,09RO21zvGR2TKabNuqnGoM
3SFAmrWEILKWZGz1xv5qbF,Son of a Preacher Man,Shannon & Keast,Chill R&B Soul Acoustic Playlist: 14 Smooth and Chilled Tracks,track,2019,162371,chill,0,False,48hHNfz4xNPbsKEZOkNfmN
1bvaDWcZkZYLG9RhEYNS4R,A New Day Coming - Original Mix,Steen Thottrup,"Floating Clouds (Amazing Chill out Anthems), Vol. 3",track,2019,349653,chill,0,False,6tPMvCqpjXjP9Iezu41j3E
4qVHQUH54Gn0s7ItJQPfTI,Go There,Ganga,"Sweet Dreams (Beautiful Lounge Collection), Vol. 2",track,2019,252956,chill,0,False,0i6vkNic4Oz5lswGJIMsim
0ty0awnrmox9AqodDh44h1,Galactic Highway - Nu Chillgroove Mix,Artenovum,"Cafe Arte, Vol. 2 (Finest Chillout & Lounge Downbeat Playlist)",track,2019,302702,chill,0,False,3SPG8VuJfCW9YUtiXItgNP
4ycVdRLpRVNXswtoM0Zfoz,Half Moon Bay,Euphonic Traveller,Balearic Chill #5,track,2019,406000,chill,0,False,0yLpNWbSVpzHkd9skwF1WI
1WClu0fGwMXFSupwCXVFck,See the Sun,ASP Project,"The Trance Effekt, Vol. 3",track,2019,317610,chill,0,False,7HDb2uSld5iXL0iQy4NOxh
10jN27g6w2A44K43BeZakK,Body Language,Marga Sol,The Boudoir Lounge: Sexy Chillout Music for Lovers,track,2019,250408,chill,0,False,4y7BFiVRM23Sw8fUPcfXRI
03a3qVz4ZdmScdYaMGMEyZ,Funny Valentine,Florito,"Chillout Connection, Vol. 5",track,2019,153315,chill,0,False,6VlbPHHnYe35oIY73BU78V
3AtBlSYrRNHIGvXVjElDnQ,Latin Go - Part One,VARGO,I Love Mukke II,track,2019,496800,chill,0,False,1V1uWJvLjUEXrJY89jilz5
4QICEuuukZx3krvG1eGOHI,More Than Friends,Mokita,Armada Music 2020,track,2019,159039,chill,0,False,3sKeaby6GMSJWgYueZaSjE
6nGI62WHIIfVTEZ7lcDXdb,Amour Noblesse,Jens Buchert,"Sensual Spa Lounge, Vol. 12",track,2019,310451,chill,0,False,6alaxwLNRgI8B82ki2nLMj
1Hj4vCDsBg0OOq2uiMqnEW,Hallou,Jens Buchert,Ibiza Chillout #6,track,2019,247461,chill,0,False,6alaxwLNRgI8B82ki2nLMj
6USlh4bYG0VVYplD8vu69U,Ampurdan,Flashbaxx,Chillers (Ambient & Lounge Selection),track,2019,392656,chill,0,False,0C4OfYbJVV7T6osLXsCb23
2R1enh5YznVXTIjUbTU91Z,Sensuality,Roberto Sol,"Chillax, Vol. 4",track,2019,245250,chill,0,False,55UZtehjnrMmLlIk6UXjxS
1MiZFRtDL6CG0rIK7LVUdl,Mental Journey - Original Mix,Sami Sivananda,Ibiza Winter Session 2020 (The Island Chill out Pearls),track,2019,267265,chill,0,False,1OATfjEIsg2QApzc0fUpvM
3ugvYLjPSHu3XzhfjolOAz,Dreams (The W Song) - Remastered,Steen Thottrup,Ibiza Sunsets (The Chill Out Beach Edition),track,2019,261162,chill,0,False,6tPMvCqpjXjP9Iezu41j3E
5LG7eUOufRVOtcP6xqLhKa,Let EM,Zedman,Zavior,track,2019,225123,chill,0,True,4XuGwmUZVLSlTLGl5FZdaH
5F2gCdIjLJY7i7imubpavO,You're Still the One,Shannon & Keast,90S 00S and 10S Covers,track,2019,203713,chill,0,False,48hHNfz4xNPbsKEZOkNfmN
5hCqhXXH5ZeuRoetMwLNYc,Wish - Chill Mix,Roberto Sol,"Arabian Shisha Lounge, Vol. 6",track,2019,246805,chill,0,False,55UZtehjnrMmLlIk6UXjxS
1Mw09vAQraIZwFxoCRXO4u,Yogi Chill,Sami Sivananda,Dreamline 8,track,2019,222550,chill,0,False,1OATfjEIsg2QApzc0fUpvM
1g7oPvwCI6Hn3UfzD1RDlV,Fledgling,Noah Jacob,From My Heart Through My Hands,track,2019,311350,chill,0,False,41AIkbpAuntIq40gd5hIPb
4cOO6Y5PussItK92G6ZkST,Pharvari,Yantra Mantra,Touch My Soul,track,2019,317291,chill,0,False,595wjCw2rMjSYgjsNNLXhf
6T8FeyrN0ewY21mnowGcnt,Running to the Void,Eskadet,Urban Buddha,track,2019,452466,chill,0,False,1WU8HgaC191SUbTXYbv7EG
44k81QVoEdYZjqFrX3TxJY,HellBent,Zedman,HellBent,track,2019,207725,chill,0,True,4XuGwmUZVLSlTLGl5FZdaH
2lpTMA23L0xtmD5fk8fQBL,Expression,Zedman,Zavior,track,2019,158850,chill,0,True,4XuGwmUZVLSlTLGl5FZdaH
6N1QZQ9jxTsDGLjFiSl9iZ,Morning Sun,Marga Sol,Midnight Arouse: Sexy Chill Out Music for a Seductive Night,track,2019,263416,chill,0,False,4y7BFiVRM23Sw8fUPcfXRI
2iWTLOQYz0Jurbj9Rm6hq2,Madara,Kyroshie,Best Trap,track,2019,173910,chill,0,False,7BOUqW8tyKLftFZY6jpRPx
4LruytKDEcFUG5W6Va7jhZ,"No Talking, Just Walking",Ulli Boegershausen,"No Talking, Just Walking",track,2019,190194,chill,0,False,7cfu1JFXiRLxUGdGdNt64V
24mFSYliediRIpYsss19cb,Into the Ether - Original Mix,Lazy Hammock,"Chill out Magnifique, Vol. 2",track,2019,399626,chill,0,False,2DNsQfsgGeaQwnyc6pdMNz
6LjrvgmNxr6mAnr1SVOkWQ,You Belong to Me,Shannon & Keast,Jazz Music Playlist for Studying,track,2019,177309,chill,0,False,48hHNfz4xNPbsKEZOkNfmN
22mP98GL9hzEkwBJNkflCb,Wy Words - Original Mix,2illusions,"Sample of Pleasure, Vol.5",track,2019,230770,chill,0,False,0rXqvm982jZrFC4S0RjsQE
6EIXzerZzwMiwvR1WGSjur,Lanibia Dreams - 7 Stars Mix,Artenovum,"Sun & Chill, Vol. 4 (Relaxing Moments with Smooth Lounge & Ambient Tunes)",track,2019,279157,chill,0,False,3SPG8VuJfCW9YUtiXItgNP
0Mkr1wXdTfMWCDNW6WfJQ8,I'll Always Love You - Instrumental Mix,Florzinho,"Coffee Bar Chill Sounds, Vol. 12",track,2019,274281,chill,0,False,72HVleQuWbHSX9oeBMLFHQ
5WhtYwXQm7N4caoHG6fzOG,All I Long For - Original Mix,Gary B,Travel & Living Lounge Vol.4 (Traveling Chillout Mood),track,2019,240000,chill,0,False,3j6HqaYmvmWOTF1MH7YTYk
2l6FvKPLzZTXprqVd2yUms,The Scientist,Shannon & Keast,Acoustic Rock 2019,track,2019,210456,chill,0,False,48hHNfz4xNPbsKEZOkNfmN
0EThOUZjgnLytnoRhb1R2W,The Journey Begins - Extended Mix,Sunyata Project,"Supreme Relax, Vol. 5",track,2019,236686,chill,0,False,7vyy3QthwHCQtdcPAX7HUu
5ZkCGyDNEnRc8i1PGMH6zf,One World One Future,Roberto Sol,"Sound of Serenity, Vol. 8",track,2019,317647,chill,0,False,55UZtehjnrMmLlIk6UXjxS
0s9A3xYlhHYLkyBKFJSgzW,Don't Go Home Yet,Five Seasons,"Nights Of Glitter (The Ultimate Lounge Collection), Vol. 2",track,2019,275640,chill,0,False,0vm9SrJaDy3ANXOHU2t6pe
1FddSwojfN4eRKiw0xo2qb,Lotus,Sunyata Project,Pure Wellness 8,track,2019,226100,chill,0,False,7vyy3QthwHCQtdcPAX7HUu
0KU5TvHlNjIkAkGI0Cgc2I,Resident Evil - Rock da Floor Mix,Loungeside,Distant Echo 2,track,2019,232330,chill,0,False,7Fc3a0KSI8Lrdyl7LKAMAg
1uhlYiveyYzgI99MIR3ecP,Changes,Marga Sol,"Feel the Heat, Vol. 2 (Fantastic Selection Of EDM & Progressive House Bangers To Bounce Around)",track,2019,379487,chill,0,False,4y7BFiVRM23Sw8fUPcfXRI
1mKUleu71zsqtZX0r1uFms,FlintStone,Zedman,Zavior,track,2019,178677,chill,0,True,4XuGwmUZVLSlTLGl5FZdaH
6EK5h6y4AXnDiyzFrRYRE5,My Mind,Sarah rosen,I Only Need Myself,track,2019,104728,chill,0,False,09a3PhC5I0u2pWogTvdl7D
3L5884FrVWlVOIEki0ya5T,Dwa Serduszka,Ulli Boegershausen,Dwa Serduszka,track,2019,149045,chill,0,False,7cfu1JFXiRLxUGdGdNt64V
24jfEheWITLotkQPujk88G,Feel So Good,Florito,"Chill Out Whisper, Vol. 2",track,2019,371333,chill,0,False,6VlbPHHnYe35oIY73BU78V
0UElUb1B7GpkUMelcbocyj,System Failure,Zedman,Naibu,track,2019,194115,chill,0,True,4XuGwmUZVLSlTLGl5FZdaH
3Ouwxj30QcTl83nIt8qbFF,Samadhi Vibes,Sami Sivananda,"Dreamy Sunset Lounge, Vol. 3",track,2019,195739,chill,0,False,1OATfjEIsg2QApzc0fUpvM
3p0zW3zUGg5u1bTG6BbHWm,Nothing Without You,Weathertunes,"A Day At The Terrace (A Chillin' Lounge Selection), Vol. 4",track,2019,240533,chill,0,False,09RO21zvGR2TKabNuqnGoM
27YZBScRpHQuwqNBl245fz,Habitatmodul,Jens Buchert,"Lakeside Chill Sounds, Vol. 12",track,2019,278490,chill,0,False,6alaxwLNRgI8B82ki2nLMj
3oHEwt3p9AtBJHlbEPQlZH,La Vie en rose,Shannon & Keast,Jazz Songs for a Dinner Party,track,2019,154509,chill,0,False,48hHNfz4xNPbsKEZOkNfmN
1ue9bJimugFPhufMCCsCwc,Anis Nous Explique,Weathertunes,"Isla Bonita, Vol. 4",track,2019,331885,chill,0,False,09RO21zvGR2TKabNuqnGoM
1FALlOv5MceVoBL3qVLBPW,A Humble Student,Host Bodies,Diamondfruit,track,2019,410770,chill,0,False,29nWzExD34briOrwzRMjHs
71KTAX3h2qyiJnWfdCSDvN,Misty,Shannon & Keast,Jazz Classics Covered,track,2019,166774,chill,0,False,48hHNfz4xNPbsKEZOkNfmN
6CnskHmALqXoPBtNPWsUBK,Rocker,Zedman,Brain Storm,track,2019,130115,chill,0,True,4XuGwmUZVLSlTLGl5FZdaH
2r9wVgMkK18yx7UlKREFqG,Bahia,Faro,RLX #28 - The Chill out Collection,track,2019,366200,chill,0,False,0uBexDOnd7A0T9EO71hkIl
4FJ0nm27X8Jpz9uhbNJeb1,Storm // Psalms,Chimezie,Peace & Blessings,track,2019,131450,chill,0,False,4yISo8jrwYfIyeMYRiSQDO
5O813TPH1QI6B44dbC3Mi5,Better Know,Zedman,Zavior,track,2019,179121,chill,0,True,4XuGwmUZVLSlTLGl5FZdaH
3XUmtWqHvwmI2slgBpstCp,Fields of Gold,Shannon & Keast,Acoustic Chilled Playlist: Beautifully Relaxing Acoustic Arrangements,track,2019,268000,chill,0,False,48hHNfz4xNPbsKEZOkNfmN
0L7WLyqpA3eERK8vSrESxS,Champagne & Dancing,Lazy Hammock,"Clubbers Culture: Downbeat & Chill Out Zone, Vol.2",track,2019,355852,chill,0,False,2DNsQfsgGeaQwnyc6pdMNz
1Lw7QRzXUmSLfMOVdsZ0Vn,Cocktail,Five Seasons,"Chill Out Whisper, Vol. 2",track,2019,255148,chill,0,False,0vm9SrJaDy3ANXOHU2t6pe
0YrYoeW8C36U0ANgQEhK68,Away,Zedman,Zavior,track,2019,127190,chill,0,True,4XuGwmUZVLSlTLGl5FZdaH
7vgyNGYUXzIkX7OnV7ffRQ,Lying To Me - Radio Edit,Ingo Herrmann,"Deep-House Paradise, Vol. 4",track,2019,232122,chill,0,False,1BmhDaTOi6GpVgiDAHasTX
0bDuOWUMSH4EGMdcdVN9eu,Walk Around - Beach House Mix,Schwarz & Funk,Sunset Chill Out,track,2019,362295,chill,0,False,5tOiT7pdFoQN3hf2OWj2fv
1EZhFSzOo9ggqSmqLJ3qoa,It's Hard - Mystic Instrumental Mix,Artenovum,"The Forest Chill Lounge, Vol. 15 (Deep Moods Music with Smooth Ambient & Chillout Tunes)",track,2019,247546,chill,0,False,3SPG8VuJfCW9YUtiXItgNP
0vIovEzbn1Ud8IhDt7lD8L,Night Shade - Electronic Chillhouse Mix,Jean Mare,"Chill on the Beach, Vol. 6 (20 Finest Balearic Chillhouse & Ibiza Chillout Lounge Tunes)",track,2019,278000,chill,0,False,228Fo5ITCDh5RPK5EkxBl5
5PuDXnPIUc8TstV3jI80zq,That Day - Olson Remix,Massivan,"Dünen Lounge Musik, Juist 2019",track,2019,189277,chill,0,False,0bV9A9ug5ewD3oiBS8YgoL
21k0TYCnN9SpB6Cqbf9rDX,Endless Time - Chillout Mix,Marie Therese,Sunset Emotions Vol.1 (Compiled by Marco Celloni),track,2019,268457,chill,0,False,5WHs7MgxGc193mge9n4Oyt
0tvCH88WI6eYGNzuwslRi9,1000 Years Old,Ganga,"Nights Of Glitter (The Ultimate Lounge Collection), Vol. 1",track,2019,373960,chill,0,False,0i6vkNic4Oz5lswGJIMsim
2D7b1Zy841pUZZQm1040Of,Compassion - Remastered,Steen Thottrup,"Sunday Lounge, Vol. 4",track,2019,231442,chill,0,False,6tPMvCqpjXjP9Iezu41j3E
35ooL9HyFiR0IWq0wnKwP0,Aeon In Motion,Jens Buchert,RLX #26 - The Chill Out Collection,track,2019,303393,chill,0,False,6alaxwLNRgI8B82ki2nLMj
22yK9dml08r9gd9wWR5nWV,Ursa Major,Pier-O,"Chilled Deep House Tunes, Vol. 2 (Sit Back And Enjoy This Wonderful Selection Of Modern Deep House Tunes)",track,2019,332459,chill,0,False,1D427O2cYP6oZPtXL2BxvT
5c2PcBKtCeWZqkR3tgAv23,Golden Sunrise,Marga Sol,The Morning Light: Beautiful Relaxation Music to Start My Day,track,2019,293333,chill,0,False,4y7BFiVRM23Sw8fUPcfXRI
1MuokugI8hMlDJh1snQqQj,Baby I Like It - Club Mix,Project Blue Sun,Baby I Like It,track,2019,324668,chill,0,False,3yJyh0YZiJPo3ZBNkw1Ayh
2eh95HxTqAswXnwHH1XyMd,Dreamin - Original Mix,Sine,"Sensual Spa Lounge, Vol. 5",track,2019,303243,chill,0,False,5R1ovoPm5UcRJXRdyacN13
66AZy4ST1Dmzw2tTVKDtZ8,Piyar dosti hai,Yantra Mantra,Touch My Soul,track,2019,304214,chill,0,False,595wjCw2rMjSYgjsNNLXhf
0XiNPCQJyJXVjv4eIzCedm,Far Away - Jean Mare Electronic Remix,For Found Future,"The Forest Chill Lounge, Vol. 14 (Deep Moods Music with Smooth Ambient & Chillout Tunes)",track,2019,353454,chill,0,False,0LurxDVueuha5DdlNAuQHk
7MBbcJcr5YKb9VDXd8B8c1,Living on the Moon - Original Mix,Ganga,"Sunrise, Sunset & Moonlight (25 Beautiful Vocal Tunes) [Moonlight Edition]",track,2019,253770,chill,0,False,0i6vkNic4Oz5lswGJIMsim
6WdXqnRJJ7Fr3xove5J8qZ,As Far as the Eye Can See - Original Mix,Michael E,White Sensation Lounge (Chillout Your Mind),track,2019,498000,chill,0,False,0n9KXYc3koLNmEc1CcK28R
58iSr3KD8WJrkOAcU0j467,From a Friend - Original Mix,Five Seasons,"Sensual Spa Lounge, Vol. 14",track,2020,250000,chill,0,False,0vm9SrJaDy3ANXOHU2t6pe
5FULGiuOjBG9BnV1PyPBtJ,Meet Dawn,Fred Hyas,Strata Vol. 040,track,2020,293600,chill,0,False,5r7SeEGn92ZjRmx03H01eb
2xIe8l4dbkCNcdYxJQdfsG,Serendipity,Gary B,Southbeat Music Pres: Miami Chillout Lounge Music,track,2020,273019,chill,0,False,3j6HqaYmvmWOTF1MH7YTYk
4FgCSfa4cStwqbiyThvnku,Esta Noche,Marga Sol,Epic Electronic EDM Music,track,2020,350034,chill,0,False,4y7BFiVRM23Sw8fUPcfXRI
0r0AKtNBxXiR0bxd22AcNq,Easier - Original Mix,Gary B,Sunset Surfing Lounge: Chillout Your Mind,track,2020,266000,chill,0,False,3j6HqaYmvmWOTF1MH7YTYk
3AkPDqTABCsFV3gmcA8uqt,Ibiza Winter Café,DJ Lounge Del Mar,Xmas Beach Chill (Smooth Lounge Tunes For Christmas Winter Time),track,2020,273880,chill,0,False,3DXggSi4IiiJm2tHunlVgk
0LeLAc8Gk81LouCZdO6BWo,Soulheaven - Balearic Mix,Marga Sol,Chillout Your Mind Vol.1 (Ultimate Chillout Collection),track,2020,350000,chill,0,False,4y7BFiVRM23Sw8fUPcfXRI
7Ld06fJRUxfm2JZr3yQP4r,Under the Moonlight,Clelia Felix,Sea Cruising Lounge: Chillout Your Mind,track,2020,276480,chill,0,False,7sJjwc3QZ76lCibvUr0sh3
193Fo5iiDBKNhDRSB1iXgr,Who Knew,Shannon & Keast,Sad Songs 2020,track,2020,227799,chill,0,False,48hHNfz4xNPbsKEZOkNfmN
5tUDQAPayb3Uc509VKDgOF,Ocean Breeze - Original Mix,Clelia Felix,Beautiful Morning Lounge (Chillout Your Mind),track,2020,178000,chill,0,False,7sJjwc3QZ76lCibvUr0sh3
7FK97IYfdzbuiqMSZ0EFzc,La jolie - Original Mix,Weathertunes,"Lakeside Chill Sounds, Vol. 20",track,2020,294221,chill,0,False,09RO21zvGR2TKabNuqnGoM
4m7YYPixnbpp9ZuZvSyL9h,Hallou - Original Mix,Jens Buchert,"Mykonos Sunset Session, Vol. 6",track,2020,247461,chill,0,False,6alaxwLNRgI8B82ki2nLMj
796bevhIkn5cuqRPQC15zF,Heaven,Five Seasons,"Chill Out Boutique, Vol. 3",track,2020,291904,chill,0,False,0vm9SrJaDy3ANXOHU2t6pe
2n6Atr951Nmy78kizmmllH,Back Again,Zedman,Back Again,track,2020,164640,chill,0,True,4XuGwmUZVLSlTLGl5FZdaH
5Fpw9hvmecj1crLSTwIzzi,Surfing,Zedman,Imperfect,track,2020,240039,chill,0,True,4XuGwmUZVLSlTLGl5FZdaH
6U0qxVFysLsDm1IzEr8U5R,Beautiful - Original Mix,Triangle Sun,Joyful Lounge (Chillout Your Mind),track,2020,283000,chill,0,False,0xqJJcwIGBcOtOw2LHnNMS
3iP2DZCyokyQoXbYWTNBEU,Starry Night - Original Mix,Marga Sol,Urban Orange Music 2: Downtempo Experience,track,2020,347000,chill,0,False,4y7BFiVRM23Sw8fUPcfXRI
5gvkEmhIbBVtParPbuOs3S,Transcendence - Original Mix,Jens Buchert,"Spiritual Spa, Vol. 6",track,2020,304586,chill,0,False,6alaxwLNRgI8B82ki2nLMj
1TXpIVwywdMxPapnsD6bjC,Hinayana - Original Mix,Yantra Mantra,"Spiritual Spa, Vol. 6",track,2020,301174,chill,0,False,595wjCw2rMjSYgjsNNLXhf
6g46sbp5gR6UF3XYzW5GlA,One Chance - Original Mix,Project Blue Sun,Sunset Emotions Vol.3,track,2020,358706,chill,0,False,3yJyh0YZiJPo3ZBNkw1Ayh
6WIqzq1ScDRIuspLlP8gCL,Make It Happen - Original Mix,Gary B,Midnight Flight Lounge: Chillout Your Mind,track,2020,260171,chill,0,False,3j6HqaYmvmWOTF1MH7YTYk
0SZxAbMXljM6s90JkzpfMw,Penelope,4 Wings,Moka Beach Essential,track,2020,372493,chill,0,False,3S6AVWOYRIdSx9u9Vemb4g
3d3lmHkuRMZdcGq4LAaanm,People Love - Original Mix,Weathertunes,"Sensual Mood Lounge, Vol. 22",track,2020,287416,chill,0,False,09RO21zvGR2TKabNuqnGoM
16wA7R53i5XHqyb17pb4kR,Lift Me Up - Club Mix,Cambis,"Rock Like a Superstar, Vol. 4 (House Bombs)",track,2020,493228,chill,0,False,2OhBukxt29Y3O92pHrHglu
5SyxsG9WOrEC6vnTi8piAj,Yours,Shannon & Keast,R&B Acoustic Wedding Songs,track,2020,167324,chill,0,False,48hHNfz4xNPbsKEZOkNfmN
2PVQRgQWrPWyxpMYJyvTxR,Riding On a Cloud,Peter Pearson,Pure Relaxation,track,2020,217226,chill,0,False,6BrmS3FaejcqcUYOtHbrC8
5KZWPFfp6v4ICNFo4FLt9k,Late Nights,Zedman,Imperfect,track,2020,185835,chill,0,True,4XuGwmUZVLSlTLGl5FZdaH
0ydg5VJi963VuOYT4IbWWL,My Shadow,Soulavenue,"Little Sunshine (Lounge & Chill Out Island Treasures), Vol. 1",track,2020,280058,chill,0,False,0FdUUXSNyVYT2axD3Gxzmu
4HftRWuvn8iQjbXcQaOW53,Vasantika,Yantra Mantra,"Lounge Top 55, Vol. 6 Deluxe, the Original",track,2020,292364,chill,0,False,595wjCw2rMjSYgjsNNLXhf
3WRH520KKPjXsJOqaJDRAe,Silent Day,Marga Sol,Cocktail Hour Chillout Music,track,2020,260062,chill,0,False,4y7BFiVRM23Sw8fUPcfXRI
3OBzJMHqx693XgVdyi19GG,Technicolor (Intro),Yugen Blue,Technicolor,track,2020,88000,chill,0,False,54rpvBtX5F8WG5SvKqhFAg
3oJLzFLlB7zWKIOqUgB1CO,Bosporus - Original Mix,Jasmon,"Fireplace Chill, Vol. 3",track,2020,266893,chill,0,False,0YJZvddTNiDjJCFjFVtqx8
2vG8wwnJAOh2xSxqKmjBMk,Only,Sarah rosen,Only,track,2020,121904,chill,0,False,09a3PhC5I0u2pWogTvdl7D
7odsYyKM7hhEk8JRcCc6MJ,BEAMstyle Shit,austin fox 狐,ESCAPE FROM TELEVANIA,track,2020,121270,chill,0,True,60r0IwmjOfQ0SsGWll2GrH
5HhQTfqJ4ViUu9n5ve9mYR,Mar y Sol - Beach House Mix,Schwarz & Funk,Chill Dreams,track,2020,361199,chill,0,False,5tOiT7pdFoQN3hf2OWj2fv
0izTyLrinOrnN2spP7AgD7,Immersion,Eskadet,"Lettres d'amour (Smooth Chill Out Grooves), Vol. 4",track,2020,464699,chill,0,False,1WU8HgaC191SUbTXYbv7EG
5V5WDyV7cg6YyiFBm6ca3Q,Count on You,Zedman,An Emotional Turmoil in the City,track,2020,166478,chill,0,True,4XuGwmUZVLSlTLGl5FZdaH
0IHQADxra8tutVH438OI1f,So Tell Me - Odyssee Mix,Artenovum,"Balearic Café, Vol. 4 (Ibiza Chill out & Lounge Tracks to Relax)",track,2020,394200,chill,0,False,3SPG8VuJfCW9YUtiXItgNP
0rCKRv6xxmbOacJuDqNnhd,Eternal Love,Weathertunes,"Another Day, Another Island (Beautiful Lounge Collection), Vol. 2",track,2020,224866,chill,0,False,09RO21zvGR2TKabNuqnGoM
1dFRE77njarusOECZ0TdtN,Go There - Original Mix,Ganga,"Lounge Time, Vol. 1",track,2020,252956,chill,0,False,0i6vkNic4Oz5lswGJIMsim
3TFRrcb85GbBhTN6mn4URJ,Able,Zedman,An Emotional Turmoil in the City,track,2020,113580,chill,0,True,4XuGwmUZVLSlTLGl5FZdaH
2zE5sZwIk4oKxch1Ko0T6E,E-Suite - Original Mix,Jens Buchert,"Sensual Spa Lounge, Vol. 16",track,2020,305125,chill,0,False,6alaxwLNRgI8B82ki2nLMj
3DPWjkySTLITWtOti9okF6,Norito Bar - Chandini Mix,Yantra Mantra,Stay Chilled 2,track,2020,282666,chill,0,False,595wjCw2rMjSYgjsNNLXhf
7M8jZsPhGy9WR5p88S79hS,Es Cavalett - Original Mix,Eivissarts,Chillout Your Mind Vol.1 (Ultimate Chillout Collection),track,2020,345165,chill,0,False,1A0CxpiRl0KJtME6uivxBr
4cDDroXmOu8ilat8qJrKlb,Secret Lovers,Michael E,"Globetrotter, Vol. 4",track,2020,280080,chill,0,False,0n9KXYc3koLNmEc1CcK28R
5oNr3UnLtsye5OTqrLQoA7,Into the Ether,Lazy Hammock,Late Night Chill 2,track,2020,399626,chill,0,False,2DNsQfsgGeaQwnyc6pdMNz
1KR6qZtXnL1w83TU4tnWEX,No Secrets,Gary B,"Deep & Soul, Vol. 2",track,2020,335575,chill,0,False,3j6HqaYmvmWOTF1MH7YTYk
3tqL0WZ78U3yBhKzmjlaWj,Mono Lobby,Norabel,Blue Pigments,track,2020,204923,chill,0,False,02weRmIvfXFNR4FAIXEQSo
0CwlgaiC3ap09KNZOQVwrI,Moments Like This,Florito,"Hot Deep Beats, Vol. 3",track,2020,336782,chill,0,False,6VlbPHHnYe35oIY73BU78V
6Kzb5mARJI7G2qzFmVu1C6,Missing You,AINT,Missing You,track,2020,148983,chill,0,False,5uCTOJnOeOAjPPRr5TnICA
2zg1pc5wnVNvBSKCiW0JZl,Live Love Life,Worldtraveller,"A Good Day, Vol. 3 (This Fantastic Selection Of Calm Beats Escort You Through The Day)",track,2020,268411,chill,0,False,5bD3IY6lj5iEqasOqqnllb
1A4y92J7WFRzGEopCw4y05,The Field,Worldtraveller,Living Room Lounge 7,track,2020,172285,chill,0,False,5bD3IY6lj5iEqasOqqnllb
1FEBX5Wsu7Ecb0bgEUs8rV,Ali3n_rh0d3s,Brown_buddha,BCK. PCK. 002,track,2020,98319,chill,0,False,1tq7w2ExDzd21D7ZVXszgo
0lnPj9NjpogQ95HfdsmdwZ,Jade - Original Mix,Eskadet,Relaxing Therapy Session with José Sierra (Pt 1),track,2020,445074,chill,0,False,1WU8HgaC191SUbTXYbv7EG
1WOgTQciyyIXWSKct1pGfH,Pardesi - Original Mix,Soulavenue,"Nights of Lounge, Vol. 3",track,2020,228075,chill,0,False,0FdUUXSNyVYT2axD3Gxzmu
7GZijO3Nsp5sdWlZgowuhb,About You,vict molina,???,track,2020,215688,chill,0,True,57A8a9CoP4Bu1NZNvx0eeJ
5HkYJKTOQTb9H712rFxZpp,About Us - Delor Mix,Simon Le Grec,Distant Mountains Lounge: Chillout Your Mind,track,2020,402520,chill,0,False,3L6Ns4B66CSARAXP4Vf3FX
1te1UD1uDP5hjybd8OdzSs,Wisdom,Sami Sivananda,"Royally Relaxing, Vol. 6",track,2020,213971,chill,0,False,1OATfjEIsg2QApzc0fUpvM
30Pz8ecnpnpyu1sRrmxcU8,Forgotten Places,Velvet Dreamer,"Waving Clouds (Beautiful Tunes), Vol. 4",track,2020,336879,chill,0,False,0MJTTnWyw6aR7Cu64PfSIL
5xHUSW2ycsAzjhogNA9cRV,Golden Sunrise - Original Mix,Marga Sol,Machu Picchu Orange: World Chillout Music,track,2020,293333,chill,0,False,4y7BFiVRM23Sw8fUPcfXRI
7nVoXA8Tg2DcMBRI0J7ndc,From the Sky - Original Mix,Weathertunes,"Winter Mood, Vol. 1",track,2020,369071,chill,0,False,09RO21zvGR2TKabNuqnGoM
1QslE6X4ar4H5pOWwwQhSB,Sex Is the Place - Original Mix,Weathertunes,"Neverending Days, Vol. 13",track,2020,249600,chill,0,False,09RO21zvGR2TKabNuqnGoM
7w21VqXHqvXKrsDOWkDnkl,Like the First Moment - Original Mix,Florzinho,"Fireplace Chill, Vol. 4",track,2020,332608,chill,0,False,72HVleQuWbHSX9oeBMLFHQ
3GvIJMMUinEnTk4kZ9VPh2,Loco-El Virgen de la Macarena - Dub Cumbia,Loving Paris,Loco - El Virgen de la Macarena (Latest Remixes),track,2020,373203,chill,0,False,6mk62XAY6Py7LIbePAqvk5
4o3hhnyftKmcfCHPX0olCf,interlude,Kaxi,Dynamic Love,track,2020,71957,chill,0,False,2Aaz4mQGMr0iuyBE2lcfxn
5mG8qnqw4lPhEy4SWpgeTo,Sunshine Cafe - Original Mix,Five Seasons,"Coffee Bar Chill Sounds, Vol. 22",track,2020,242506,chill,0,False,0vm9SrJaDy3ANXOHU2t6pe
6hMgCZNn34iGL8e82qjyW0,Golden,Ganga,Around the World (A Chill Out & Lounge Journey),track,2020,294154,chill,0,False,0i6vkNic4Oz5lswGJIMsim
1ghRpFjygJVorToSzAxBuy,The Sunny Side of Life - Original Mix,Weathertunes,Formentera - Beach & Chill,track,2020,249226,chill,0,False,09RO21zvGR2TKabNuqnGoM
57qPt2PKY9IYnbhu7LcEDd,What I Long For - Chill Mix,Marga Sol,Distant Mountains Lounge: Chillout Your Mind,track,2020,324210,chill,0,False,4y7BFiVRM23Sw8fUPcfXRI
2BfhA5mVqUFxGryK9Fbu0S,Down in Jaipur - Original Mix,Mathieu & Florzinho,"Lakeside Chill Sounds, Vol. 20",track,2020,317373,chill,0,False,2F8wI7ksQbqhKuHO6dhDB6
1DIK2kt6vbImsFIcOoj59z,Heaven,Swordbearer,Silience,track,2020,155915,chill,0,True,3KIxbYXDhkWKdXKcqP2845
3QXKEC6zrShnRWhslrOSm1,Serendipity - Loocalooma & Seven24 Remix,Gary B,"Comfortable Home Lounge, Vol.1",track,2020,333823,chill,0,False,3j6HqaYmvmWOTF1MH7YTYk
030P5OgC7ZlSqqdPrfDGoV,My Grandfather's Clock,Lasse Ivonen,My Grandfather's Clock,track,2020,133285,chill,0,False,4FLrO7HeEPdqMGIzKZwl5f
5ppFJiblsHy3ZP3RyP1H0I,14 Trillion - Instrumental,Black Noi$e,OBLIVION (Instrumental),track,2020,22507,chill,0,False,647PD9VO8BRYqib1oRPDfA
64UFWfxn4csgn7rYocFKec,Young Hearts Run Free,Shannon & Keast,Acoustic R&B Chill Music: 18 Smooth and Chilled Tracks,track,2020,286498,chill,0,False,48hHNfz4xNPbsKEZOkNfmN
3JLm7A9O4tRalx1FpuA0Jn,Fritz the Cat - Original Mix,Lemongrass,"Coffee Bar Lounge, Vol. 19",track,2020,254893,chill,0,False,6T4sT6axXOoIXP4cpaQtNk
3nlDiWOrk0pwp1e58eLM67,Everytime You Go Away,KoolSax,Sweet Formentera (Balearic Flavored Lounge Cookies),track,2020,353725,chill,0,False,5pYA7yh5jrrZqN2EeMDaDs
4YNzgoFQ9rblr3V1Worbqz,A La Luna,Florzinho,Black Coffee Lounge: Chillout Your Mind,track,2020,474666,chill,0,False,72HVleQuWbHSX9oeBMLFHQ
4BH9JmYxMAmA8CC6vrDTAe,Dusk,Pier-O,"Deep House Afterhour, vol. 1 (Party Ain't Over Yet !)",track,2020,370714,chill,0,False,1D427O2cYP6oZPtXL2BxvT
3d08hK917gWaFuBOJIQPZA,A Picture of You - Remastered,Steen Thottrup,"Drinks at Sunset, Vol. 3",track,2020,326736,chill,0,False,6tPMvCqpjXjP9Iezu41j3E
0CrP9oorb0Ian36LRdCUBX,Japanese Garden - Original Mix,Deeper Sublime,"Neverending Days, Vol. 13",track,2020,284000,chill,0,False,7LxWEXnh53Ag3F03jcg0YA
5tSIIcmYeSkuh63TW7OYTI,Vinile,Gold Lounge,The Golden Room (8D Sound Chillout Vibes),track,2020,157268,chill,0,False,6tgAJ51zboVLiYNiwJFm2j
1sxQ6nbbh5ukqyC4mFxLvk,Be Mine,Marga Sol,Electro Lounge Dinner Party,track,2020,304000,chill,0,False,4y7BFiVRM23Sw8fUPcfXRI
0XiWH3sY4yTtuTezBgfxZ5,Pai Mu Tan,Sunyata Project,"Supreme Relax, Vol. 6",track,2020,306189,chill,0,False,7vyy3QthwHCQtdcPAX7HUu
4xvWL9iOhxm4LuKRYx5aln,The Water Is Wide,Shannon & Keast,Happy Acoustic Folk,track,2020,252147,chill,0,False,48hHNfz4xNPbsKEZOkNfmN
1ZQGHCCwZ1eosgKBjAk3sk,Elements - Size Mix,Loungeside,Elements (Size Mix),track,2020,354000,chill,0,False,7Fc3a0KSI8Lrdyl7LKAMAg
3YDx1U94J3C2tviORDOJG4,Tao Tunes,Sami Sivananda,"Royally Relaxing, Vol. 7",track,2020,371909,chill,0,False,1OATfjEIsg2QApzc0fUpvM
7DWUIejyGtM7evewcUAMdR,What I Long For,Marga Sol,"Deep Blue Sea Vol.4, Deep Chill Mood",track,2020,324210,chill,0,False,4y7BFiVRM23Sw8fUPcfXRI
7JCwc0g3uLyekVIJtOCOyu,Bliss of Water,Marga Sol,"Let It Snow, Vol. 1 (Enjoy The First Snowflakes With This Wonderful Selection Of Smooth Electronic Music)",track,2020,360000,chill,0,False,4y7BFiVRM23Sw8fUPcfXRI
0OJLsyyMp2sRh4HAuEnkKy,Dreamgirl - Original Mix,Jens Buchert,"Fireplace Chill, Vol. 5",track,2020,240600,chill,0,False,6alaxwLNRgI8B82ki2nLMj
4V8IgSNaGKnio57IE0kuss,Anis Nous Explique - Original Mix,Weathertunes,"Lovely Mood Lounge, Vol. 27",track,2020,331840,chill,0,False,09RO21zvGR2TKabNuqnGoM
4MxyX4XCttIT361lKP4yrI,Shinrinyoku,James Bright,Betamax,track,2020,377685,chill,0,False,7JcxJ3BRljo49dQVZ5tCFs
43QivdZUOwFEQgzis9aalF,What We Had - Sunset Mix,Marga Sol,"Purple Lounge, Vol. 1",track,2020,299405,chill,0,False,4y7BFiVRM23Sw8fUPcfXRI
0NoV4IavOD658C7TEU9Y4H,Dimanche Matin - Original Mix,Weathertunes,"Sensual Winter Chill, Vol. 2",track,2020,277910,chill,0,False,09RO21zvGR2TKabNuqnGoM
0olm7VvCZN6OrEZbyevOGj,Falling into Existence - Instrumental Mix,Marga Sol,"Take it Easy, Vol. 1 (Wonderful Selection Of Calm & Chilled Electronic Tunes)",track,2020,253090,chill,0,False,4y7BFiVRM23Sw8fUPcfXRI
5d3LA5VkyPCwKFPAbAbsOs,Dream On,Peter Pearson,Chillout Dreams,track,2020,271601,chill,0,False,6BrmS3FaejcqcUYOtHbrC8
2cs5fjvEWA8wOqWj7XdlTM,holy.night,no.notnow,christmas with friends,track,2020,136000,chill,0,False,3IaxAPJPafH59f2qinqbkb
4oOj9wI7leCI49wD6jh9Pu,Gotta Go,Zedman,Imperfect,track,2020,206210,chill,0,True,4XuGwmUZVLSlTLGl5FZdaH
5Cqwhf3nDD3YuPdRp25kZI,Aquanaut - Original Mix,Jens Buchert,"Sunset Meditation - Relaxing Chill out Music, Vol. 14",track,2020,279369,chill,0,False,6alaxwLNRgI8B82ki2nLMj
74lHHXRNcSPKzxdYsq1ZQm,Champs De Lavande - Original Mix,Weathertunes,"Design & Lifestyle Lounge, Vol. 1",track,2020,226470,chill,0,False,09RO21zvGR2TKabNuqnGoM
2Fx253t6El9m5grHMFqAiJ,Cosmos,James Bright,The Zooniverse,track,2020,344560,chill,0,False,7JcxJ3BRljo49dQVZ5tCFs
4VKyHypejKXcsCwHixze0X,38 Degrees - Original Mix,Jens Buchert,"Lovely Mood Lounge, Vol. 30",track,2020,240579,chill,0,False,6alaxwLNRgI8B82ki2nLMj
6xKLOOLebAfZdXZi4cHI4X,Wade in the Water,Shannon & Keast,Happy Acoustic Folk,track,2020,190877,chill,0,False,48hHNfz4xNPbsKEZOkNfmN
1FakIptPOWKLCu0TegmkEB,Inner Peace - Original Mix,Sami Sivananda,Breathe & Relax Lounge: Chillout Your Mind,track,2020,264000,chill,0,False,1OATfjEIsg2QApzc0fUpvM
55pctIFyBNuscfUyqAtjYM,You Are,Steen Thottrup,"Chill Out Whisper, Vol. 3",track,2020,175848,chill,0,False,6tPMvCqpjXjP9Iezu41j3E
5ryYgoiA6weMdLzLmHtV5k,Feel It - Fat V Playa Rmx,Marga Sol,Beach House Lounge: Chillout Your Mind,track,2020,288000,chill,0,False,4y7BFiVRM23Sw8fUPcfXRI
5aG4iqGrz4CnvZiSaq52di,Here - Original Mix,Placid Larry,"Neverending Days, Vol. 13",track,2020,226017,chill,0,False,1f81RaxRAUSGhGMzUOHEIb
7odTdzMRlSBsVuQH2ErJVN,Peace Bitch,Zedman,An Emotional Turmoil in the City,track,2020,13090,chill,0,True,4XuGwmUZVLSlTLGl5FZdaH
5Pv9WP1GBxs3U9kL7EM4yw,Easier,Gary B,Southbeat Pres: Coffee Morning Chill Selection,track,2020,268019,chill,0,False,3j6HqaYmvmWOTF1MH7YTYk
2dIzOAm66V8uKoFFFGUCCS,River People,Gary B,Southbeat Pres: Coffee Morning Chill Selection,track,2020,242668,chill,0,False,3j6HqaYmvmWOTF1MH7YTYk
539j0QX3XcrLkcJ9QiWSY5,Mystic Traveller,Ingo Herrmann,"Mystery Land, Vol. 1",track,2020,132519,chill,0,False,1BmhDaTOi6GpVgiDAHasTX
3d7LfzTMQaZeANarKZHj78,The Walz,Argun North,The Walz,track,2020,174000,chill,0,False,4jjr4BcdHYLSoU3Ba1pq9Q
7sncjDgnoNDeZVRskRuwE5,Parazit,Niz,Parazit,track,2020,138912,chill,0,True,3rpMjLghhqskwkkTyqI1bE
3vIehBwQbS9XkXonG4PbPs,Jazzloop C,Pigeondust,Way Back When,track,2020,28592,chill,0,False,3ZGFuMnNyyCIAnq5vARz1W
6qR30YrNHGszGBFh2exuCF,A Slow Blues in a Noisy World,Ulli Boegershausen,A Slow Blues in a Noisy World,track,2020,178065,chill,0,False,7cfu1JFXiRLxUGdGdNt64V
4yledNfZiPvvf9lipyfp0C,Because I Miss You - Houie D. Remix,Marie Therese,Distant Mountains Lounge: Chillout Your Mind,track,2020,290190,chill,0,False,5WHs7MgxGc193mge9n4Oyt
6Epc4MpB2w6NXw8k8JHQIo,I Don't Love You No More - Elad Navon & Niv Aroya Club Mix,Carlos Campos,6 Years of Queen House Music,track,2020,382734,chill,0,False,6mIoP9b45yMs75S8m0kQ3d
5sz7O9XZb51qrvObhWdFvO,Ace of,Zedman,Imperfect,track,2020,194899,chill,0,True,4XuGwmUZVLSlTLGl5FZdaH
14s07bwLctx2znNHfzaLya,Moments Like This - Original Mix,Florito,"Night Glow Deep (Deep-House Collection), Vol. 3",track,2020,336782,chill,0,False,6VlbPHHnYe35oIY73BU78V
4M4GEXEDq5rNUr2sNEnxpI,Falling,Marga Sol,"Hidden Bar Grooves, Vol. 3 (Beautiful Loungy Tracks For A Long Drinking Night)",track,2020,389647,chill,0,False,4y7BFiVRM23Sw8fUPcfXRI
6fSQWvgGyFgjxkKsxdekYn,Bitter Symphonie - Original Mix,Johannes Huppertz,Winter Spirits: Chillout Your Mind,track,2020,275409,chill,0,False,4TsTehffZj6pLWbA664hPW
0fovWP8SCabhabeI05S3v9,Devil's Lot,Kyroshie,Devil's Lot,track,2020,189600,chill,0,False,7BOUqW8tyKLftFZY6jpRPx
36JjGTEWLbhntKu4ODT5Is,try again,austin fox 狐,ESCAPE FROM TELEVANIA,track,2020,114056,chill,0,True,60r0IwmjOfQ0SsGWll2GrH
1nVLraRKtL01XO7A1vi5JL,The Ocean,Marga Sol,Ambient Chill Out Music Playlist,track,2020,312333,chill,0,False,4y7BFiVRM23Sw8fUPcfXRI
4L101nJ177ZiQoh5S0NJgf,Pai Mu Tan - Spa Mix,Florito,"Beautiful Hearts (Electronic Chill out Beats), Vol. 3",track,2020,306189,chill,0,False,6VlbPHHnYe35oIY73BU78V
5OushdwCMSG3rTmenBrBfr,World Is Burning,Zedman,Imperfect,track,2020,220473,chill,0,True,4XuGwmUZVLSlTLGl5FZdaH
7tbztFsyAT5RBCzxRbUuuB,Garden - Original Mix,Faro,"Coffee Bar Lounge, Vol. 18",track,2020,411666,chill,0,False,0uBexDOnd7A0T9EO71hkIl
1KI53Wb0r4zdx97JEfLc4a,Around Me - Deep Chill RMX,Marga Sol,Sunset Surfing Lounge: Chillout Your Mind,track,2020,264388,chill,0,False,4y7BFiVRM23Sw8fUPcfXRI
2ievcjxO5LeXDn1tzkvdRD,Loveflow - Bés & Meret Beachhouse Mix,Roberto Sol,"Night Glow Deep (Deep-House Collection), Vol. 2",track,2020,367619,chill,0,False,55UZtehjnrMmLlIk6UXjxS
02abBaBA0dtEKXt5Y9p5Rg,Vanilla Sky - Original Mix,Marga Sol,"Chill out Box, Vol. 4",track,2020,411457,chill,0,False,4y7BFiVRM23Sw8fUPcfXRI
6emPf5noccDUGyWA5YM1my,Forgotten Places - Original Mix,Velvet Dreamer,"Follow the Light (Beautiful Chill out Tunes), Vol. 4",track,2021,336879,chill,0,False,0MJTTnWyw6aR7Cu64PfSIL
7kw6gvMev06GN9mpCZJMJ9,El Corazon,Digby Jones,City Cafe: Urban Chillout Music,track,2021,224628,chill,0,False,4RSNNGdvEfBA2s3ziDFUlU
1oJm00t9X1MlFm2tByEt40,Kalevora,Pep Llado,Summer Chill: Chillout Your Mind,track,2021,329012,chill,0,False,6uBwkVb29rfwRm0QVQSlV0
7JIW29sHC4BQoRUvlx1mxe,Loveflow - Florito Mix,Roberto Sol,Sky Bar Deep-House Collection,track,2021,291661,chill,0,False,55UZtehjnrMmLlIk6UXjxS
1s8lbmIKHZtkthWoaMXtrx,Around Me,Marga Sol,Café Chillout,track,2021,264388,chill,0,False,4y7BFiVRM23Sw8fUPcfXRI
6HyzadTtTiAFfrFYaw5Smq,past max state,Kyroshie,past max state,track,2021,214795,chill,0,False,7BOUqW8tyKLftFZY6jpRPx
3Sox7HOQikMGe4jvH8CKiG,YOURSELF! (OUTRO),bluemason,<3,track,2021,83220,chill,0,True,5M1MWH1YS0q0eBkcxLNYCB
2p2zib7e8AvFADaRv459BS,Desedena - Instrumental Mix,Marga Sol,"Tea Essentials, Vol. 1 (Fill Up Your Tea Cup And Enjoy Relaxing Moments)",track,2021,268945,chill,0,False,4y7BFiVRM23Sw8fUPcfXRI
2DRnr2ed3Q3m4CC5twX3Hr,Don’t You Worry Child,Shannon & Keast,#Acoustic,track,2021,205502,chill,0,False,48hHNfz4xNPbsKEZOkNfmN
0EB9XLd3MVCWQOAF2AeD4W,Together,Swordbearer,Peace Be With You,track,2021,87485,chill,0,False,3KIxbYXDhkWKdXKcqP2845
1wNhd4tlXrd9rtR0o2jA9u,Boréales - Original Mix,Eskadet,"Follow the Light (Beautiful Chill out Tunes), Vol. 4",track,2021,417480,chill,0,False,1WU8HgaC191SUbTXYbv7EG
1n3xRV9UNTTPYhSsZCx96j,Sunset People - Original Mix,Steen Thottrup,Watching the Sunset: Chillout Your Mind,track,2021,279040,chill,0,False,6tPMvCqpjXjP9Iezu41j3E
1novSW1Wvex2AsNIuEaIDe,From A Friend,Five Seasons,"Chill Out Perfection, Vol. 2",track,2021,250000,chill,0,False,0vm9SrJaDy3ANXOHU2t6pe
57QopotRxM5ZAK2632mEvR,Sunset Reflections - Original Mix,Eivissarts,Quiet Day: Chillout Your Mind,track,2021,391060,chill,0,False,1A0CxpiRl0KJtME6uivxBr
7iHMGLtFrEbOMOA9httCpl,Mystic River - Original Mix,Weathertunes,Lovely Winter Chill #3,track,2021,318302,chill,0,False,09RO21zvGR2TKabNuqnGoM
2xVogVTJcck1iP2xTtWaEx,Sweet Secrets - Original Mix,Five Seasons,Lakeside Chill Sounds - Autumn,track,2021,289494,chill,0,False,0vm9SrJaDy3ANXOHU2t6pe
1NFBWmfXeEQYjHZ8nN0kaX,A la Luna - Euphonic Traveller Remix,Florzinho,"Chillaxing Time, Vol. 8",track,2021,474666,chill,0,False,72HVleQuWbHSX9oeBMLFHQ
5wGCzkhjKQ6xyPgy7dAyF0,Rainbows in the Sky,Peter Pearson,"Maledives Beach Bar, Vol. 3 (Sit Back And Relax With These Wonderful Lounge Pearls)",track,2021,349090,chill,0,False,6BrmS3FaejcqcUYOtHbrC8
6dErJ7mo6hvXfE38kLFSL9,Repeating My Past - Original Mix,Steen Thottrup,"Electronic Late Night Cafe, Vol. 3",track,2021,227370,chill,0,False,6tPMvCqpjXjP9Iezu41j3E
5ZsJvzQxcVuDNjdgiCydfE,Esta Noche - Leo de la Rosa Sensual Mix,Marga Sol,Morning Relaxation: Chillout Your Mind,track,2021,350034,chill,0,False,4y7BFiVRM23Sw8fUPcfXRI
0vzjkUOUlD9pd9Bo1lby5i,In the Palm of Your Hand - Original Mix,Steen Thottrup,Chillout Retreat: Chillout Your Mind,track,2021,225227,chill,0,False,6tPMvCqpjXjP9Iezu41j3E
370ioui7r8Oppj0R0O6Jn8,Another Galaxy - Extended Version,Loungeside,"Lounge on Earth, Vol. 3",track,2021,353454,chill,0,False,7Fc3a0KSI8Lrdyl7LKAMAg
24LIL98TMMMTX7UG9ESiv1,Lotus Yoga - Original Mix,Sami Sivananda,"Slow Sunset (Amazing Chill out Anthems), Vol. 3",track,2021,261789,chill,0,False,1OATfjEIsg2QApzc0fUpvM
6MZDyKABc89OqA77NITdRM,Novel - Lemongrass Remix,Jane Maximova,Sea and Waves Lounge: Chillout Your Mind,track,2021,248275,chill,0,False,1rV8eRHOV685BeNEa59lyt
3GBnaUYd10ZhqFiPHk3Qo9,Beautiful Sunset,Jean Mare,"Soundbar Deluxe Chill Lounge, Vol. 7",track,2021,255500,chill,0,False,228Fo5ITCDh5RPK5EkxBl5
2Dbk94KU1Xk0Uqe6xxq7nq,Take a Rest,Don Gorda Project,"Sophisticated Lounge Vibes, Vol. 4",track,2021,315000,chill,0,False,7msx2SnES7JphRLoX9rpqU
6cpPjJonvyoU17QEnZ7m4d,The Sun Goes Down - Original Mix,The Diventa Project,"Sunrise Meditation, Vol. 7",track,2021,213751,chill,0,False,6H8GXZp4q5YwPuNQWV4RkK
0EpBVtzOj2HL1jGzuwbJD4,What We Had,Marga Sol,Sunday Morning Chillout Music,track,2021,324542,chill,0,False,4y7BFiVRM23Sw8fUPcfXRI
5YDFs1Kbhp4I2dRMhIeEwT,The Journey - Original Mix,Lazy Hammock,"Sweet Morning (Chill out and Lounge Collection), Vol. 3",track,2021,348369,chill,0,False,2DNsQfsgGeaQwnyc6pdMNz
74TAaJixN4mtt3aMEiojTz,Novel - Original Mix,Jane Maximova,"This Is My Church, Vol. 8 (The Lounge Edition)",track,2021,248768,chill,0,False,1rV8eRHOV685BeNEa59lyt
17vzpVF07uye4Jk5bOQ1v4,Wonderful - DreamersInc & ThroDef Deep Remix,Nacho Sotomayor,"Deep-House Aloha, Vol. 3 (20 Summer Smoothies)",track,2021,416965,chill,0,False,4uRLIC5uQs3CzTq7jEcrzJ
6kewmHX7VVxQ2TMECZAqsh,Why Not - Original Mix,Eskadet,"Carpe Diem Lounge, Vol. 2",track,2021,300413,chill,0,False,1WU8HgaC191SUbTXYbv7EG
6l7utbtvQ5mB8cali9StsW,Autumn - Dj Malte Of Real XS Mexican Club Mix,Ganga,"Deep-House Special, Vol. 1",track,2021,561319,chill,0,False,0i6vkNic4Oz5lswGJIMsim
4xXFQR7Bn2uW1Cl4sE1ihc,The Wind - Original Mix,Ganga,"Special Lounge Edition, Vol. 2",track,2021,281910,chill,0,False,0i6vkNic4Oz5lswGJIMsim
5wQqSS2dWUEFo7BNJYa4Kx,Vespre,Pep Llado,"Musica Del Sol, Vol. 7",track,2021,338546,chill,0,False,6uBwkVb29rfwRm0QVQSlV0
1lLVjCOM2MhvbWDn1xeiZV,Silent Space,Peter Pearson,"Coffee to Go, Vol. 1 (Finest In Chilled And Calm Downbeat Tunes)",track,2021,232835,chill,0,False,6BrmS3FaejcqcUYOtHbrC8
0KS3a7yP71wbww33LYDmUT,Lovely Evening,Marga Sol,Totally Chill out!,track,2021,229598,chill,0,False,4y7BFiVRM23Sw8fUPcfXRI
2wQf8fDbxWYZD8mWMsTUYV,Novel,Jane Maximova,"Chase The Sunset (Lounge And Chill Out Collection), Vol. 4",track,2021,248768,chill,0,False,1rV8eRHOV685BeNEa59lyt
04G8R7PnjSKhQUzvdkeinl,You Are - Original Mix,Steen Thottrup,Lavender in Summer: Chillout Your Mind,track,2021,175908,chill,0,False,6tPMvCqpjXjP9Iezu41j3E
5tlFdi2ApZzgoegcwQGpaN,outro,Kingayeo,ARMOR KING (DELUXE),track,2021,25196,chill,0,False,4d4HHUMGIDiABzaA68p8OI
5v4VHG4E99BGvMK001QWVI,Red Lanterns,Jasmon,"Beautiful Metamorphosis (Relaxed and Calmed Down Sounds), Vol. 4",track,2021,264646,chill,0,False,0YJZvddTNiDjJCFjFVtqx8
6AWwpzSMn8nVLnAg5uKBtH,Being You,Steen Thottrup,"Chilling On Purple Clouds, Vol. 2",track,2021,262971,chill,0,False,6tPMvCqpjXjP9Iezu41j3E
6uxky5CUAGSUCCpVRWtect,Free Fallin’,Shannon & Keast,#Acoustic,track,2021,257659,chill,0,False,48hHNfz4xNPbsKEZOkNfmN
5lGc4H86CnRUkOkO6rfFM9,Secrets - Original Mix,Ganga,"Sweet Morning (Chill out and Lounge Collection), Vol. 2",track,2021,307097,chill,0,False,0i6vkNic4Oz5lswGJIMsim
1yQMQ6ZrrlcUyRLWlVeKDN,Inner Worlds,Marga Sol,Peru Orange: Urban Chillout Music,track,2021,343043,chill,0,False,4y7BFiVRM23Sw8fUPcfXRI
5L0w9s1jq8slOyrSWAgBmK,Every Cloud,Peter Pearson,"Modern Coffee Lounge, Vol. 1 (Relaxing Coffee Shop Music)",track,2021,310400,chill,0,False,6BrmS3FaejcqcUYOtHbrC8
2FtYwei7ryHSaeaIuplImw,Deehop,351 Lake Shore Drive,"Downtempo Lounge & Chillwave, Vol. 4",track,2021,731639,chill,0,False,1YSCGkoQNnkpU7z6osMvMm
2Hm0fgh7Fwps3uawM5xP5z,Heaven - Original Mix,Five Seasons,"Sweet Morning (Chill out and Lounge Collection), Vol. 1",track,2021,291904,chill,0,False,0vm9SrJaDy3ANXOHU2t6pe
19LDFj6z8hIexzrUw5rz8b,No Fate,Ingo Herrmann,"Suspense and Heartbeat, Vol. 3",track,2021,160657,chill,0,False,1BmhDaTOi6GpVgiDAHasTX
5Yk9HUHjVNptpLENJstFwy,Sunset,Coral Chiller,Souls,track,2021,151177,chill,0,False,1ga9b9ldU5OjOeFx7v5sHH
2X9gWiWfr3ykUvStN4Y4jA,VENOM,The Nait Sirk,SMOKE!,track,2021,151500,chill,0,True,4A9skYIuQalbh4HReKlZS9
3eZus894XIo2vstXgmojxg,Chair - Original Mix,Ganga,"In Love with Lounge, Vol. 4",track,2021,253986,chill,0,False,0i6vkNic4Oz5lswGJIMsim
4OgZDDbnGCoCDkzQXaqPfG,Starlit Sky - Original Mix,Jasmon,"Spiritual Spa, Vol. 2",track,2021,233213,chill,0,False,0YJZvddTNiDjJCFjFVtqx8
0voFT54CBh3xz8xJCyWpNN,Temple Tunes - Original Mix,Sami Sivananda,"Future Spring (Beautiful Lounge and Chill out Anthems), Vol. 4",track,2021,405714,chill,0,False,1OATfjEIsg2QApzc0fUpvM
3J87oGHO54KhwybKwIW5LV,Fluffy Time - Original Mix,Jens Buchert,"Cosy Winter Sounds, Vol. 6",track,2021,244831,chill,0,False,6alaxwLNRgI8B82ki2nLMj
1lAU7LN1Vo83J5iPkmJQHY,Rise with You - Original Mix,Lazy Hammock,"Sensual Mood Lounge, Vol. 23",track,2021,259000,chill,0,False,2DNsQfsgGeaQwnyc6pdMNz
2V02cohXAI7Jr1idD9BvCr,Cala Contigo - Original Mix,Steen Thottrup,"Electronic Clouds, Vol. 4",track,2021,289678,chill,0,False,6tPMvCqpjXjP9Iezu41j3E
4Z6EYLwdDj3dycVmaOqlh9,Paine - Audiotree Live Version,Glded,Glded on Audiotree Live,track,2021,288948,chill,0,False,6LQHbUxsIOTU2vkzbUaXCH
4e0wrkLIf67Kz8Pc8PygIV,Mysterious Girl - Original Mix,Project Blue Sun,Istanbul Orange: Urban Chillout Music,track,2021,314238,chill,0,False,3yJyh0YZiJPo3ZBNkw1Ayh
2gXgZYcvMnLDMVkGGmlhls,Passion,Faro,"Tokyo Chillout, Vol. 6",track,2021,336080,chill,0,False,0uBexDOnd7A0T9EO71hkIl
4YOU5YyCYepJxYSul6IkNR,Rising Like the Sun - Mayback Remix,Steen Thottrup,"Beyond the Secret Door (Luxury Lounge Collection), Vol. 1",track,2021,429818,chill,0,False,6tPMvCqpjXjP9Iezu41j3E
20aOR1dMAUpiRaWnDXR2G2,Calma,Marga Sol,Visions of Silence: Chillout Your Mind,track,2021,328421,chill,0,False,4y7BFiVRM23Sw8fUPcfXRI
5vZ29abbfYslmEr5KE5CMK,Wei Fung Chi,Lemongrass,Breaking The Ice Edition 2,track,2021,200160,chill,0,False,6T4sT6axXOoIXP4cpaQtNk
0ahtUx8TLOiGkSX3hvZoeH,More 2 It,Lil Aone,More 2 It,track,2021,164153,chill,0,True,7biOwVhZEqA1Kze5XAl1LQ
6kzj107vHkuQvLb7XBT3OW,Staring at the Stars - Original Mix,Euphonic Traveller,Nice Orange: Urban Chillout Music,track,2021,238453,chill,0,False,0yLpNWbSVpzHkd9skwF1WI
5roMW68ByfaPCbaffuJzqd,Could Be - Audiotree Live Version,Glded,Glded on Audiotree Live,track,2021,211274,chill,0,False,6LQHbUxsIOTU2vkzbUaXCH
7rSKHeQGrvvwQqPj7dInRL,Con sentimento,Mats Bergström,Con sentimento,track,2021,217840,chill,0,False,1cK2dUALEJSsEGK3WUgruU
3PZXlslfG9VSVzXpTEDQs7,To You - Original Mix,Steen Thottrup,"Chillout Orange, Vol. 5: Relaxing Chillout Vibes",track,2021,301270,chill,0,False,6tPMvCqpjXjP9Iezu41j3E
4Mxy5H9Ca4nx4ZJb4M0WUd,Ritorno a casa,Agricantus,Beffe della vita e della morte,track,2021,85280,chill,0,False,1pKPABDTbFKCsFrtJQ3AWW
2PsBtaH4soNi6zl0H1UfUA,Chilled to the Heart - Original Mix,Peter Pearson,"Lounge Theme (Sofa Grooves), Vol. 2",track,2021,273846,chill,0,False,6BrmS3FaejcqcUYOtHbrC8
0sBhzAQQ516QCy9J7fTWAQ,Trishna,Yantra Mantra,Soft Grooves,track,2021,305786,chill,0,False,595wjCw2rMjSYgjsNNLXhf
5bWwsoAFcREEUzBGZMR584,Vem Conmigo - Original Mix,Florzinho,"Chillaxing Time, Vol. 8",track,2021,316000,chill,0,False,72HVleQuWbHSX9oeBMLFHQ
2vVbIDpGQeatsY64fHK8yq,Wonderful - Marga Sol Chill Rmx,Nacho Sotomayor,"Smooth Coffee Beats, Vol. 2 (Finest in Smooth Electronic Lounge & Downbeat Music)",track,2021,411737,chill,0,False,4uRLIC5uQs3CzTq7jEcrzJ
5LPpJRmAFkkCHYh2KLSidw,Summer Solstice,Cardinal Zen,Summer Loungerie 2021 (A Selection of Summer Chill out Flavour),track,2021,288342,chill,0,False,0bwOnFIcTEu9cq8JAlhyAy
6Rb2GVTT6EUpSvdFNPDi47,Je T aime - Sensual Mix,Marga Sol,"Daystarter, Vol. 1 (Enjoy This Wonderful Selection Of Calming Lounge Tunes)",track,2021,314910,chill,0,False,4y7BFiVRM23Sw8fUPcfXRI
4zyKYHu7CCOpVHxZTOdYKj,Departures,Erick Di,Departures,track,2021,182109,chill,0,False,6ITlDmLtSRT8f36NVQQENS
7KyXKzM170986CgJHux1oV,Compassion - Original Mix,Steen Thottrup,"Electronic Lounge Collection, Vol. 2",track,2021,231442,chill,0,False,6tPMvCqpjXjP9Iezu41j3E
2yOJndgzNTBbGFls86P4jW,Wondering,Zedman,Wondering Who I Am,track,2021,210096,chill,0,True,4XuGwmUZVLSlTLGl5FZdaH
5lj9CYJ2BJwl3QoXNrgeuT,Bedouins Tale,Marga Sol,Melodica 2021,track,2021,330756,chill,0,False,4y7BFiVRM23Sw8fUPcfXRI
6PTtJSukBY5TRsjJ6mLSHs,Tasmanian Hills - Mixed,Gold Lounge,Music for Spacewalks 01 (Mixed),track,2021,379596,chill,0,False,6tgAJ51zboVLiYNiwJFm2j
0Lo2orKDDrGjuYcLFWuE2L,El Alba,Steen Thottrup,BALEARIC Lounge & Chill Out Classics (The White Isle Edition),track,2021,342186,chill,0,False,6tPMvCqpjXjP9Iezu41j3E
3WLoqHnUOcVvGnfNnGhVkX,Deep in the Night,Roberto Sol,"Smooth Coffee Beats, Vol. 2 (Finest in Smooth Electronic Lounge & Downbeat Music)",track,2021,239569,chill,0,False,55UZtehjnrMmLlIk6UXjxS
39gLJYvUt2NJIki04tE5WD,Doronto,Pep Llado,My Favorite Bar: Chillout Your Mind,track,2021,285231,chill,0,False,6uBwkVb29rfwRm0QVQSlV0
7EDqG9gnI7BnP6laxzU666,Hey Laura,Shannon & Keast,Pop and Jazz,track,2021,218121,chill,0,False,48hHNfz4xNPbsKEZOkNfmN
52LZRaxXlHj4A1h0oRFFU2,Make It Out,GlizzyGang$$,Make It Out,track,2021,84767,chill,0,True,0XnnGBcFlF0Z4rIOYTNrN2
3wHRya7GW0pAhU1i0EeFQ6,Loveflow - B,Roberto Sol,"Deep-House Gang, Vol. 2",track,2021,367619,chill,0,False,55UZtehjnrMmLlIk6UXjxS
4yoyuOGDpljf4pBfaCEeHo,Carousel,Chris Mercer,100% Chill,track,2021,149601,chill,0,False,53vBEi3gGXKFxzz8WzsmAw
6g8GfGWBxNFmOwvz8UFD7W,Bandida,NATH,"Panal Records - V.A. (6º Aniversary), Vol. 2",track,2021,142257,chill,0,False,6dAUWqdIfuQKFV9i2kMiFx
6I90MluSjxrQPh0kSk2hiH,The Lights,Steen Thottrup,"Chilling On Purple Clouds, Vol. 3",track,2021,217380,chill,0,False,6tPMvCqpjXjP9Iezu41j3E
5JGbwXxPSH19u89sWWHHkg,Balearic Bliss - Original Mix,Steen Thottrup,Secret Room: Chillout Your Mind,track,2021,357067,chill,0,False,6tPMvCqpjXjP9Iezu41j3E
77xyF7vM1sXPLGxKslm8MZ,skit - its a NEW DAY,gb,24/7,track,2021,25962,chill,0,False,7Ll3Cj9QGaAJ42YdRcFKG6
1iTWWcwYq15R4PviFxMnBQ,Bedroom ficition -One Night STAND Live-,DENYENTOSHI,DENYENTOSHI -One Night STAND Live-,track,2021,176680,chill,0,False,7F7zr70AsJszbHmeaCADVo
31qF95t3PUQplJ1pX7MLjZ,Natural High - Original Mix,Weathertunes,Christmas Chill: Paris,track,2021,252062,chill,0,False,09RO21zvGR2TKabNuqnGoM
5imrNfLOjEjJIQcN6btVaF,Close to My Heart,Peter Pearson,"Peaceful Sunset, Vol. 4 (Enjoy A Moment Of Pure Calmness)",track,2021,356000,chill,0,False,6BrmS3FaejcqcUYOtHbrC8
7de5PdwmbpCfgZ6uM7fiWz,Gimme Love Again - Sunset Beach Lounge Love Mix,Melounge,"Sexy Lounge Beats, Vol.2 (Smooth Chillout Vibes For Moments In Love)",track,2021,254160,chill,0,False,7fAL20FErdWR0ORVtmssuN
0HvJyV289vj1zIMYwKiZpN,Padmasundari - Original Mix,Soulavenue,Lotus Love: Chillout Your Mind,track,2021,356000,chill,0,False,0FdUUXSNyVYT2axD3Gxzmu
7vHE2RUd1prkWYHMN7xIEf,Cove,Coral Chiller,Observe,track,2021,123664,chill,0,False,1ga9b9ldU5OjOeFx7v5sHH
5euoj5Dz5naUWEGZlM7jZt,Heartbreaker - Zero Cult Remix,Lemongrass,"Chillax (Smooth Chill-Out Sounds For Pure Relaxing), Vol. 1",track,2021,272013,chill,0,False,6T4sT6axXOoIXP4cpaQtNk
3idCL737P5k0encmACnnjf,Yogi Chill - Original Mix,Sami Sivananda,City Lights: Urban Chillout Vibes,track,2021,222000,chill,0,False,1OATfjEIsg2QApzc0fUpvM
2yTOYNhTAfgJS4L8FqqzFE,Alma del mundo,Mystic Diversions,Salsa & The City,track,2021,321175,chill,0,False,5IxvlwTJDQKlgIJbOPG0IQ
48IjYbvaoM3Am0jKpd54cE,White Caps - Sylt Mix,Stargazer,Lovely Winter Chill #3,track,2021,246596,chill,0,False,2J8wWkd3hnT00Vt8dUxO6H
7kqE6BzoiNF5qkECcJfr6q,Let Me Drive - Original Mix,Five Seasons,"Musica Del Sol, Vol. 7",track,2021,285466,chill,0,False,0vm9SrJaDy3ANXOHU2t6pe
2i2wSsN7SPdan0jDPg8wWX,Matterhorn - Original Mix,Michael E,The Essential Downtempo: Chillout Your Mind,track,2021,244800,chill,0,False,0n9KXYc3koLNmEc1CcK28R
43VzI0q7POGqsxM35hpLvA,Wavin' Hifi,Beatkonexion,"Downtempo Lounge & Chillwave, Vol. 2",track,2021,231988,chill,0,False,7GLFOIPLtKm8fck9zTcWj3
31R4qReNuCstYbiSMUqkA5,Hey There Delilah,Shannon & Keast,#Acoustic,track,2021,261665,chill,0,False,48hHNfz4xNPbsKEZOkNfmN
1XzEGN9D59aOGXWepD9RKn,Influx,Ingo Herrmann,"Suspense and Heartbeat, Vol. 3",track,2021,130666,chill,0,False,1BmhDaTOi6GpVgiDAHasTX
1mQnOrTEkWGzb32IUxAAe8,Vanished and Gone - Beach House Mix,Schwarz & Funk,Just Chill Out,track,2021,326166,chill,0,False,5tOiT7pdFoQN3hf2OWj2fv
17ydjWkWiLwXQwcZn0D2i2,White Caps - Original Mix,Stargazer,Carpe Diem Lounge,track,2021,246596,chill,0,False,2J8wWkd3hnT00Vt8dUxO6H
24OrSmWJfLR8hNOVP1clzq,Thrill Kill,Ingo Herrmann,"Suspense and Heartbeat, Vol. 3",track,2021,163056,chill,0,False,1BmhDaTOi6GpVgiDAHasTX
2D263qE4ATY9kjmu4I0GXu,Sunshine Cafe,Five Seasons,"Luxury Lounge (Special Selected Anthems), Vol. 3",track,2021,242506,chill,0,False,0vm9SrJaDy3ANXOHU2t6pe
50kWn6rToPJGgfQUSzs5Ji,Finding Neverland,Weathertunes,"Sophisticated Lounge Vibes, Vol. 4",track,2021,271718,chill,0,False,09RO21zvGR2TKabNuqnGoM
2JAqzDKc0kqJLiDHF5lQfP,Circulatory,Argun North,Circulatory,track,2021,191319,chill,0,False,4jjr4BcdHYLSoU3Ba1pq9Q
5m8Ht3SbMEccIg3PzCofhj,Chilled To The Heart,Peter Pearson,"Chill Out Nation, Vol. 1",track,2021,273846,chill,0,False,6BrmS3FaejcqcUYOtHbrC8
5fk6K65ESbg5GWOUTEpsBc,Dreamwaves,Peter Pearson,"Nights Of Lounge And Jazz, Vol. 2",track,2021,324000,chill,0,False,6BrmS3FaejcqcUYOtHbrC8
4QYkGFiBclTYE0790whkle,Threnody,Swordbearer,Peace Be With You,track,2021,63083,chill,0,False,3KIxbYXDhkWKdXKcqP2845
2PfBsne86IpwqbVFFmfCSB,Over The Mountain,Melounge,"Chill Out Moments, Vol. 2 (Winter Edition)",track,2021,425453,chill,0,False,7fAL20FErdWR0ORVtmssuN
5LOgDgbP3dHKbb92FQT6GV,grind,illmore,piece,track,2021,104250,chill,0,False,6xLWs7PzOiPY2351KcoeGZ
0MS76UvNTRv4ttUsQD0kAV,Alfred Nobel In Memoriam,Mats Bergström,Alfred Nobel In Memoriam,track,2021,191281,chill,0,False,1cK2dUALEJSsEGK3WUgruU
2g2MGsSyFebCuAxhUyMai4,aged terracotta,austin fox 狐,Ranger396v,track,2021,161796,chill,0,True,60r0IwmjOfQ0SsGWll2GrH
74DcBVhn5BFwHGcSzSt5zq,Aloha,Lemongrass,"The World Series of Chill Out, Vol. 4",track,2021,249866,chill,0,False,6T4sT6axXOoIXP4cpaQtNk
3O3R1kRUWUGaMc0Js7d5LM,Je T'aime - Sensual Mix,Marga Sol,Undiscovered Places: Urban Chillout Vibes,track,2021,314910,chill,0,False,4y7BFiVRM23Sw8fUPcfXRI
6LFiAPYdSnQljHHovGhnD7,My Love - Original Mix,Weathertunes,"Cosy Winter Sounds, Vol. 5",track,2021,298222,chill,0,False,09RO21zvGR2TKabNuqnGoM
3SeESFMOTouIT5P82dV8q8,Dreamwater - Original Mix,Jens Buchert,"Winter Relaxation, Vol. 4",track,2021,228080,chill,0,False,6alaxwLNRgI8B82ki2nLMj
3TAonhjR20rfrEimHbuw6A,Bliss of Water - Original Mix,Marga Sol,Chillout Retreat: Chillout Your Mind,track,2021,360000,chill,0,False,4y7BFiVRM23Sw8fUPcfXRI
6pyI6F2fhMuHKkR5mW3dSX,Save a Little Prayer - Original Mix,Steen Thottrup,Models Lounge (You'll Be Falling in Love),track,2021,397880,chill,0,False,6tPMvCqpjXjP9Iezu41j3E
3FueMx40vm13NjeF2LoONg,Love Surprise - Instrumental Version,Marga Sol,Montreal Orange: Chillout Urban Music,track,2021,242868,chill,0,False,4y7BFiVRM23Sw8fUPcfXRI
1m49ZRrHxG9z5scXC3eMyO,Poison & Passion,Marga Sol,Totally Chill out!,track,2021,282712,chill,0,False,4y7BFiVRM23Sw8fUPcfXRI
2lpqmC6evuOBGI3eYtK8Ql,Something to Say - Edit,Steen Thottrup,"Slow Sunset, Vol. 1 (Amazing Chill out Anthems)",track,2021,192037,chill,0,False,6tPMvCqpjXjP9Iezu41j3E
7m3wnOF8qd4o7UFSKeXQtq,Dreams (The W Song) - Edit,Steen Thottrup,"Slow Sunset (Amazing Chill out Anthems), Vol. 2",track,2021,206951,chill,0,False,6tPMvCqpjXjP9Iezu41j3E
2SlX3ZikYHR7vzzyXji4MB,Beat of the Old Bazar - Original Mix,Marga Sol,Istanbul Orange: Urban Chillout Music,track,2021,203000,chill,0,False,4y7BFiVRM23Sw8fUPcfXRI
1PLpm5qmZcxotKfFMOnquj,Omnia,Marga Sol,Melodica 2021,track,2021,400695,chill,0,False,4y7BFiVRM23Sw8fUPcfXRI
2godGzVtP5fq74c5V23h42,Cubic Waves,351 Lake Shore Drive,"The World Series of Lounge, Vol. 3",track,2021,266500,chill,0,False,1YSCGkoQNnkpU7z6osMvMm
4w4PnR8u9esXiri9yNrMhh,Something to Say - Remastered,Steen Thottrup,"Electronic Lounge Collection, Vol. 1",track,2021,258670,chill,0,False,6tPMvCqpjXjP9Iezu41j3E
6jgqQ55lHby2TCrdP3UXxV,SMOKE!,The Nait Sirk,SMOKE!,track,2021,107500,chill,0,True,4A9skYIuQalbh4HReKlZS9
3zZMX9UgtNcnwM62nmKCXS,Black Leather Girl - Pure Post Remix,Outsized,Black Leather Girl,track,2021,227500,chill,0,False,1OSWfuO70q8UOAtqfATo4v
1iALP8FNWU9EWXLM05TnPC,Keep Watching the Stars,Clelia Felix,Bahamas Orange: Relaxing Chillout Music,track,2021,257493,chill,0,False,7sJjwc3QZ76lCibvUr0sh3
1yOrCu3LkFPYo2WcqgSfY9,Beat of the Old Bazar,Marga Sol,Spring Break Chill Out Music,track,2021,203000,chill,0,False,4y7BFiVRM23Sw8fUPcfXRI
2mmOuxoFhYg2oZLwegOAUI,Red Lanterns - Original Mix,Jasmon,"Chillaxing Time, Vol. 10",track,2021,264599,chill,0,False,0YJZvddTNiDjJCFjFVtqx8
0V39f700YC29sEIXacWx1w,It Feels Like Summer,Gary B,Calming Sea: Chillout Your Mind,track,2021,234172,chill,0,False,3j6HqaYmvmWOTF1MH7YTYk
7yULWPQa19Ryhkw17QTOXg,Fleeting Moments - Original Mix,Five Seasons,Sunburst at Benirras (40 Summer Lounge Grooves),track,2021,270208,chill,0,False,0vm9SrJaDy3ANXOHU2t6pe
7ls1DVpBthI1fzOe4S76rA,Un Sol Para Todos,Lenny Ibizarre,BALEARIC Lounge & Chill Out Classics (The White Isle Edition),track,2021,251088,chill,0,False,46EFdhRhsYOdmx63ffjOtu
6QSaSyKfWnf1yGnChHAfY6,Bio Diversity,Coral Chiller,Ambient Stories Of The Desert (Extended Version),track,2021,302056,chill,0,False,1ga9b9ldU5OjOeFx7v5sHH
6pXHoLlC6wnfB11i0iEsEL,Luna,Ganga,"Chill Out Stars, Vol. 3",track,2021,370253,chill,0,False,0i6vkNic4Oz5lswGJIMsim
5kbhdyY32xihZ0EkmktW36,INTRO,bluemason,on a limb,track,2021,36226,chill,0,False,5M1MWH1YS0q0eBkcxLNYCB
6iKA9XQYODu86KArNpZrTa,Olas De Sal,Zuell,Lounge & Chillout Classics,track,2022,378786,chill,0,False,5jv74275jHO78CCLDyoiqA
6Wq9btIlGc3ht1MAMkEvKU,The Final,Marc Hartman,"Winter Sun (Chill Out Edition), Vol. 1",track,2022,214831,chill,0,False,2ACJgAEcjpSAqR2TyGluyS
1Pzkoq00C7SnPOEcctsMEG,Rhythm of the World,Gold Lounge,New Years Eve Jazz Vibes,track,2022,199721,chill,0,False,6tgAJ51zboVLiYNiwJFm2j
5kt3arhsMXtECF2e7a5v1w,Night Sky,Pier-O,Winter Chill: Urban Chillout Music,track,2022,342947,chill,0,False,1D427O2cYP6oZPtXL2BxvT
6e7PRjd0vxX6O7iaYLCIGw,Cinque Terre,Mauricio Galbardi,Guitar Mood - Sleep,track,2022,232786,chill,0,False,0aTk31OGuuQKrwZJc1SryA
6ArypRtBFQ4kVaAqFAl0b8,Here And Now,Channing Spence,Here And Now,track,2022,226153,chill,0,False,7HHhJuGxvzmJzu0UOfrEEp
2jRY76pBcHpWHCH13lojVE,Alvin's song,Domain Brown,well thought-out overthinkings,track,2022,50418,chill,0,True,5KKeM6RPO28tdTSnoX8mEH
6H9JXVm1DVs6K2eqs7sFP1,Natural State,Fredrik Johansson,Relaxing Guitar,track,2022,144323,chill,0,False,7wKJfbyQ8YETfxRRjZv80m
2N7ctPIKqnHEpyl5MDT8Fd,Magic Nights,Peter Pearson,"Smooth Cups, Vol. 1 (Looking For The Perfect Coffee, Tea and Cocktail Compilation?)",track,2022,310769,chill,0,False,6BrmS3FaejcqcUYOtHbrC8
5x6WkWWNcrLjWwW2x1W4Fk,Serenade for Strings,Auguste Henrique,Guitar Mood - Sleep,track,2022,133521,chill,0,False,4vhZAxV71kt6sNrFiGOBgL
62VqkcjvRVWX5ejoWsvMU4,NYTE!,bluemason,BOXES,track,2022,167375,chill,0,False,5M1MWH1YS0q0eBkcxLNYCB
0oD6qpWGKuPXjOR4IlYa3X,Place for the Heart,Aurélien Trigo,The Acoustic Mind Vol.5,track,2022,153452,chill,0,False,1XvEjHuBKBUIbZHuBesoCE
6q85pWUtvJAHzejOyWYdA3,BOXES,bluemason,BOXES,track,2022,137160,chill,0,True,5M1MWH1YS0q0eBkcxLNYCB
23Dylta6SDJXwxVwXZ4fd4,Wannabe,Unwanted Us,Get Lucky - Cozy Covers,track,2022,153373,chill,0,False,6f5gQLL8yzSsiXVbGoScn7
2NV7Zp3ncsRg390wcDHzkK,Light,Ganga,Balearic Deep-House Winter 2023,track,2022,319083,chill,0,False,0i6vkNic4Oz5lswGJIMsim
19tg2PLRgDaSAcOc4uyMXO,Harversting,Minos Gold,Guitar Mood - Sleep,track,2022,135688,chill,0,False,4kz76xioOGVZ11SWiz64WL
2Ow3jb9BCDFGE8P2DoT2AF,My Quiet Time - Instrumental,Olga Chung,Dark Love (Instrumental),track,2022,190448,chill,0,False,6UUbraIaaBKQGCZoSOmn0S
4pVBhGPtCJVs8vKLBp9JOE,Release Me - Original Mix,Steen Thottrup,"Beautiful Lounge Sessions, Vol. 3",track,2022,233197,chill,0,False,6tPMvCqpjXjP9Iezu41j3E
2XMmmKsBuXJ8ZAdbHcfE37,Shangri-La,Schwarz & Funk,"Endless Summer Chillout, Vol. 2",track,2022,369480,chill,0,False,5tOiT7pdFoQN3hf2OWj2fv
1rBYZXLLjicgzWz2Imwz5j,Deep Horizon,Marga Sol,"Perfect Vibes, Vol. 4 (Selection Of Finest Lounge & Chill Out Tunes)",track,2022,475880,chill,0,False,4y7BFiVRM23Sw8fUPcfXRI
4bXk9pZ1BKrA1TIAX7ZrFG,Sunrise at the Well - Original Mix,Yantra Mantra,"Sunset Meditation - Relaxing Chillout Music, Vol. 23",track,2022,272166,chill,0,False,595wjCw2rMjSYgjsNNLXhf
6msRqBVlrYFq0amZIQx5vR,Autumn - DJ Malte Of Real XS Mexican Club Mix,Ganga,"Deep-House Atmosphere, Vol. 2",track,2022,561319,chill,0,False,0i6vkNic4Oz5lswGJIMsim
47JV5kMZG5pS8WrJBrHiaT,Today Is the Day Bumper,Johannes Huppertz,For the Background,track,2022,18808,chill,0,False,4TsTehffZj6pLWbA664hPW
16TJi5FB1PGrKdrkK9lNM2,Don't U Know?,des hume,Bub,track,2022,145454,chill,0,False,0jR4cjFAcy3TmLw06xdKxh
52ykfqtrnB8aivp5QuHATX,A Lovely Day,Ingo Herrmann,Shortcuts + Trailers,track,2022,20726,chill,0,False,1BmhDaTOi6GpVgiDAHasTX
2wSK2Moluz2gG62exDOnTr,Dreamy Elves,Johannes Huppertz,Sleep Well Little Child,track,2022,77688,chill,0,False,4TsTehffZj6pLWbA664hPW
2qOpBr6zklTVqIelUvPvNt,winter's end,no.notnow,spring: in colour,track,2022,106285,chill,0,False,3IaxAPJPafH59f2qinqbkb
2U5AXBTMeHtGkolMhzLLbv,Sweet Morning - Maya Mix,Ganga,"Life is Sweet (Lounge & Cookies), Vol. 2",track,2022,336842,chill,0,False,0i6vkNic4Oz5lswGJIMsim
3P8uPAN4DDyeJ1HZcaaW95,frm.december2,Kamii,blk.Kamii,track,2022,21492,chill,0,False,5pVoWw1i7jaJS4Kk2PdefJ
15VmkhLFzTY17yQTSh4XE6,she likes jazz and i like winter,lo-1,she likes jazz and i like winter,track,2022,29333,chill,0,False,53f6T4A3NrLQRFx6Ncdi1L
41AqbH7QYqAEKFyiaSomBW,Afraid to Fall - Original Mix,Gary B,"Distant Places Lounge, Vol. 1: Chillout Your Mind",track,2022,293637,chill,0,False,3j6HqaYmvmWOTF1MH7YTYk
2Wq5ZUp5xqVzbrjnEQXJUh,Moon Light (Mediterranean Roots),Mirage Of Deep,Balearic Lounge Winter 2023,track,2022,466364,chill,0,False,0xfaXLGoGFTU4aLYFwZ9ID
6Xv5IXZaNG7V5ykccE5vK1,I Feel You - mix2,Gary B,Private and Confidential - FORBIDDEN Moments,track,2022,125664,chill,0,False,3j6HqaYmvmWOTF1MH7YTYk
4axupT0SlpBZc3Gz44mruW,Oh You,Five Seasons,"Chill Out Lovers, Vol. 2",track,2022,264071,chill,0,False,0vm9SrJaDy3ANXOHU2t6pe
32zECbx9Jc8JPtEsf3wnoI,For Hayley - Original Mix,Michael E,"Urban Orange Music, Vol. 8: Downtempo Experience",track,2022,276705,chill,0,False,0n9KXYc3koLNmEc1CcK28R
1lG2elwjkW42naHyr4kCCI,Kisses & Flirts - Original Mix,Steen Thottrup,"Beautiful Lounge Sessions, Vol. 1",track,2022,232411,chill,0,False,6tPMvCqpjXjP9Iezu41j3E
4HSGiX6rvfbHIFO8UVsP3F,Pure Morning,Pier-O,"Chilled Holidays, Vol. 3 (Enjoy Your Holidays And Relax To These Well Selected Lounge Tunes)",track,2022,336000,chill,0,False,1D427O2cYP6oZPtXL2BxvT
3J9qvW37WurOli4mnDeyAE,Never Ending Story,The Mistrals,Get Lucky - Cozy Covers,track,2022,144904,chill,0,False,2PSdm3Fy1O6xpCRUM5EJjk
0wmfS8oCSyBRK1crJGmkRz,Into The Ether,Lazy Hammock,Lounge Chillout Music Mix 2022,track,2022,399626,chill,0,False,2DNsQfsgGeaQwnyc6pdMNz
1jZcpWukVZdU9Y29UpKx9n,Gymnopedie,Richard Mollenbeck,Guitar Mood - Sleep,track,2022,217877,chill,0,False,2zFkwocH9Ah8KpUzydbcrO
2RWdGr5IyuvBlok1R2ZLBU,La Plage,Eskadet,Private and Confidential - SECRET Moments,track,2022,390283,chill,0,False,1WU8HgaC191SUbTXYbv7EG
1i7bQVSnRzA184YM7dIugE,Summertime,Steen Thottrup,"Beautiful Weekend (The Sunday Lounge Selection), Vol. 1",track,2022,292199,chill,0,False,6tPMvCqpjXjP9Iezu41j3E
1KjK2aTdWKxp83KtBZqE4k,Serenity - Original Mix,Steen Thottrup,"The Essential Downtempo, Vol. 2: Chillout Your Mind",track,2022,299102,chill,0,False,6tPMvCqpjXjP9Iezu41j3E
48NDaXITMmQblfRP8WfiYX,Shores,Steen Thottrup,"Chill Out Lovers, Vol. 4",track,2022,282529,chill,0,False,6tPMvCqpjXjP9Iezu41j3E
55G0NyZ3WO4FpQlPomb7ew,Blessed - Original Mix,Ganga,"Lounge La Nuit, Vol. 1",track,2022,287563,chill,0,False,0i6vkNic4Oz5lswGJIMsim
6EWYuF5FhgIgGI5eFGFSTu,tv screen,lo-1,dusty drafts,track,2022,25945,chill,0,False,53f6T4A3NrLQRFx6Ncdi1L
0sMBR1iswlvEBcpyIVUGSK,Living On The Moon,Ganga,"Floating Vibes (Lounge Deluxe), Vol. 3",track,2022,253770,chill,0,False,0i6vkNic4Oz5lswGJIMsim
0CFk35S9Op9KOMmoa0lvju,Hi-Fi Love,Ganga,"Moonlight Lounge (Mediterranean Roots), Vol. 4",track,2022,394613,chill,0,False,0i6vkNic4Oz5lswGJIMsim
0bSt57I69u8Fy2YVceNklW,Vinile - Urejena različica,Gold Lounge,"Monday Feelings, Vol. 3 (Chill & Lounge Music Collection)",track,2022,148390,chill,0,False,6tgAJ51zboVLiYNiwJFm2j
1NJrBth6izj5Encwt6JBTU,Rising Like the Sun - Edit,Steen Thottrup,"Electronic Journey, Vol. 4",track,2022,206762,chill,0,False,6tPMvCqpjXjP9Iezu41j3E
7FBYMBjgPmKCUkKegUwCK8,Westworld - Cinematic Version,Loungeside,Magic of Meditation,track,2022,271826,chill,0,False,7Fc3a0KSI8Lrdyl7LKAMAg
5RObpXW6mnCq0muR5NLtmR,Rising Like The Sun - Remastered,Steen Thottrup,"Floating Vibes (Lounge Deluxe), Vol. 4",track,2022,353463,chill,0,False,6tPMvCqpjXjP9Iezu41j3E
2tHGYHldrZgTFWfd2DsfJ7,Temple of Desire - Original Mix,Eskadet,"Chill out Stories, Vol. 2",track,2022,375980,chill,0,False,1WU8HgaC191SUbTXYbv7EG
2jk0IL5CvgC7wB3h8nT9iX,Follow the Brightest Star - Original Mix,Marc Hartman,Rlx #40 - The Chill out Collection,track,2022,288982,chill,0,False,2ACJgAEcjpSAqR2TyGluyS
10l7W83m1Hwdx9rs4mY4D3,Life,Olga Chung,Life,track,2022,319677,chill,0,False,6UUbraIaaBKQGCZoSOmn0S
2FxtfyjyiirvW6dsGCTk9L,I Feel,Steen Thottrup,"Calm Morning, Vol. 2 (Smooth And Relaxing Down Beat Sound To Start Your Day Right)",track,2022,290728,chill,0,False,6tPMvCqpjXjP9Iezu41j3E
3hKpgiYgHYshUKbDce7snH,Green World,Lemongrass,"The Tender Moments, Vol. 2",track,2022,340466,chill,0,False,6T4sT6axXOoIXP4cpaQtNk
2Vqs5yG6RDYgO5sQz0rI5Q,Bring Me Hope - Original Mix,Gary B,Cloud Dancing - Urban Chillout Vibes,track,2022,204406,chill,0,False,3j6HqaYmvmWOTF1MH7YTYk
1rM7fhK64A11Ae8A7G9hoe,smoothbrain.wav,des hume,huh.,track,2022,39000,chill,0,False,0jR4cjFAcy3TmLw06xdKxh
2QiPsBrOHoMdrM86EaRy7T,Endless Love,Lemongrass,Private and Confidential - SECRET Moments,track,2022,270792,chill,0,False,6T4sT6axXOoIXP4cpaQtNk
0eTns3Ymb3nirHZGrI7gS0,Autumn - DJ Malte of Real Xs Mexican Club Mix,Ganga,"Deep-House Lovers, Vol. 1",track,2022,561319,chill,0,False,0i6vkNic4Oz5lswGJIMsim
01PtG5T9fArJxi8TIDZHEa,A Forest at Dawn,Meg Stiles,A Forest at Dawn,track,2022,208352,chill,0,False,6azAZkeJXuyfeAMVQ3YwU8
0D3dw9f2eWQi9jG5tihj7Q,underneutron,lo-1,dusty drafts,track,2022,23132,chill,0,False,53f6T4A3NrLQRFx6Ncdi1L
70SeGJXkseFYDYV8lGZPvh,Alive (Instrumental),Noqh,avail_vol.1,track,2022,89302,chill,0,False,4Dgx4fwX106SbJsIxsJG6L
2N4IDjiuYkjiq7HRJmsWjw,If I Can't Have You,Emmie Reins,Get Lucky - Cozy Covers,track,2022,209009,chill,0,False,0VmhvPRTiSbS9ndW7wjuDb
1yZL3pmwdJfQ7xjkeCrnQo,Happy Day,Marga Sol,Smooth Moments: Urban Chillout Music,track,2022,233992,chill,0,False,4y7BFiVRM23Sw8fUPcfXRI
3LvzuZ2xmj1Hg9IB5qOzqs,The Vortex - Original Mix,Jens Buchert,"Winter Relaxation, Vol. 5",track,2022,326055,chill,0,False,6alaxwLNRgI8B82ki2nLMj
4atNIPq2owOJ1iyrBaSlJZ,"Oy, Ty, Misyatsyu",Lasse Ivonen,"Oy, Ty, Misyatsyu",track,2022,124218,chill,0,False,4FLrO7HeEPdqMGIzKZwl5f
5qOmAtJ7lM57W7PSJJdyy0,Pure - Original Mix,Sami Sivananda,Ambiental Journey: Chillout Your Mind,track,2022,296000,chill,0,False,1OATfjEIsg2QApzc0fUpvM
7cbFsUGQxcnO2PNMqet12K,I want to know what Love is - Instrumental Mix,Simon Le Grec,I want to know what Love is,track,2022,341052,chill,0,False,3L6Ns4B66CSARAXP4Vf3FX
6mBzhkQXSBxyNR7k5fowgm,Movin’,Mats Bergström,Portfolio,track,2022,251460,chill,0,False,1cK2dUALEJSsEGK3WUgruU
26QfZbrYaFsrCQFGpstI5M,Area 51,AtariJones,Escape Plan 19,track,2022,150935,chill,0,True,56z648PaYM48U4OLCtuClS
67jB937qFbGpE0PTGLR38j,LONG PAVEMENT,bluemason,BOXES,track,2022,119160,chill,0,True,5M1MWH1YS0q0eBkcxLNYCB
7lKJm2s7zhVAM12hkLmoKM,lights off,lo-1,dusty drafts,track,2022,18285,chill,0,False,53f6T4A3NrLQRFx6Ncdi1L
2YIwD47HyTXKkJdfqvBZaN,Dreamwaves - Original Mix,Peter Pearson,"Jazzy Weekend, Vol. 2",track,2022,324000,chill,0,False,6BrmS3FaejcqcUYOtHbrC8
2mRF0paKe3L7u6tCmpXgqx,Run Away,Marga Sol,"Chillout Your Mind, Vol. 9 (Ultimate Chillout Collection)",track,2022,232000,chill,0,False,4y7BFiVRM23Sw8fUPcfXRI
3RXy6NWaFozdeq4CBYCrSw,Deep in the Night - Instrumental,Roberto Sol,"Chilled Holidays, Vol. 3 (Enjoy Your Holidays And Relax To These Well Selected Lounge Tunes)",track,2022,239996,chill,0,False,55UZtehjnrMmLlIk6UXjxS
0VnPZRi80Eu9BpxKu0iucM,Election wins,Filip Neuf,"Polvere, Vol. 1",track,2022,92903,chill,0,False,2T9RyvGXM19yZ3hltjy0kr
7fwg1F9vmf1EWd5rgbnN2Z,Cheer Up - Instrumental,Olga Chung,Dark Love (Instrumental),track,2022,158852,chill,0,False,6UUbraIaaBKQGCZoSOmn0S
5C63Mbr9FsKWw0zdd3AwTv,Island (E) Motion - Original Mix,Chillwalker,Neverending Sunsets: Chillout Your Mind,track,2022,312000,chill,0,False,3MVxFvI9EA03mELd6nTLMH
7qkHTMcXor0YRBr450dR5H,Space Night Journey - Miles Away Mix,Artenovum,"Café De La Cita, Vol. 6 (Jazzy Bar Lounge & Chill out Tunes to Relax)",track,2022,316800,chill,0,False,3SPG8VuJfCW9YUtiXItgNP
6hjNGf7pqptafEV5DuL4pa,Moon Light (Mediterranean Roots) - Original Mix,Mirage Of Deep,Absolutely Ibiza (25 Sundowners),track,2022,466364,chill,0,False,0xfaXLGoGFTU4aLYFwZ9ID
12PMJ4YhcrG11JiVZ3x5Xz,The School Road 23,Elmer Soulé,Slow Sunrise,track,2022,113927,chill,0,False,4lpow0wYafRp1sMMyCbOe2
5v3BAiiJkjt18XQ9P9lAlu,Mystic Rock Band Bumper,Johannes Huppertz,"Background Tension Bumpers, Vol. 1",track,2022,25913,chill,0,False,4TsTehffZj6pLWbA664hPW
5InfbzLT1JIOoiNINIRzfI,The Journey,Lazy Hammock,"Chill Out Days, Vol. 1",track,2022,348369,chill,0,False,2DNsQfsgGeaQwnyc6pdMNz
77VCVe8cM1ZSie1c4pnTO0,В горах мое сердце,Alfida,My Heart's in the Highlands,track,2022,248863,chill,0,False,1UvGNThRPnwerob3HUuxI3
1bSJFf1IWHofy7DlwiBfQb,Mr.Zed,Zedman,Mr.Zed,track,2022,193103,chill,0,True,4XuGwmUZVLSlTLGl5FZdaH
6bcLGz23VuOVg1ZQrCY2a8,Loly,Olga Chung,Life,track,2022,401746,chill,0,False,6UUbraIaaBKQGCZoSOmn0S
1cruuNeoxux0smEQVrBUEV,Worms Under The Skin,Kyroshie,Voices,track,2022,54613,chill,0,False,7BOUqW8tyKLftFZY6jpRPx
0aK2aWzQPF4SXG5KW6u3cB,Chair,Ganga,"Ibiza Is Lovely (A Cool Summer Lounge & Chill Out), Vol. 4",track,2022,253986,chill,0,False,0i6vkNic4Oz5lswGJIMsim
74fpzH7iXfIVECc2dz6w05,Mysterious Girl,Project Blue Sun,"Sidewalk Bistro, Vol. 4 (Most Iconic Lounge & Downbeat Tunes For Cafe, Bar And Restaurant)",track,2022,314238,chill,0,False,3yJyh0YZiJPo3ZBNkw1Ayh
5n4cG1n5IWbOHcWQBH8RXB,Dancing with Tears In My Eyes,Blended Colours,Covers for Lovers,track,2022,210716,chill,0,False,0hilVq0NlYegOGXan9zu6f
7fDbK0ZZ20YaUtYg3jHRSY,Dreams,Jo Rochford,Stand By Me,track,2022,238625,chill,0,False,38vDOZ8sFoBrhvvJJ8l1eq
0gyOdP7tanhYb4ihTCIRlx,The Best Melody - Instrumental,Olga Chung,Myths Of Love,track,2022,107674,chill,0,False,6UUbraIaaBKQGCZoSOmn0S
5UMJsTlv6rXHTBCsaX8t8K,Feel so Good - Original Mix,Florito,Asian Dreams,track,2022,371333,chill,0,False,6VlbPHHnYe35oIY73BU78V
6uUpzvCDNaiT9TXfG8eYtN,Cielo - Night Stars at Cafe Del Mar Mix,Digby Jones,Santorini Solaire Chill 2: Wonderful Ethno-Lounge & Chillout Music,track,2022,229277,chill,0,False,4RSNNGdvEfBA2s3ziDFUlU
3ZEZbX3IHzm8dic1Kb40PO,Les Pieds Dans L'eau,Peter Pearson,Sweet Sunset Vibes Mykonos,track,2022,329600,chill,0,False,6BrmS3FaejcqcUYOtHbrC8
0rz5yT0w8EucTNn5eI49iD,Morning Dub,Afterlife,Liberty Cap,track,2022,308015,chill,0,False,6gnvHPFDgWP4LiES4X0Ajz
4wQ6S9zNmJx1QL724hA7yh,When You're Tired,Olga Chung,Life,track,2022,223196,chill,0,False,6UUbraIaaBKQGCZoSOmn0S
4goKkKzxSd4670sMIKwuvu,Intense - Instrumental,Olga Chung,Tropical Time (Instrumental),track,2022,309520,chill,0,False,6UUbraIaaBKQGCZoSOmn0S
0NmVMnwohy6NBCNrIDOwfG,Catuai,Meg Stiles,Catuai,track,2022,160542,chill,0,False,6azAZkeJXuyfeAMVQ3YwU8
6bm1hFbMNwZ90akQ64Bmsn,Suenos,Pep Llado,Smooth Moments: Urban Chillout Music,track,2022,390844,chill,0,False,6uBwkVb29rfwRm0QVQSlV0
1UwuPTY4ilJNnjWxJ4p18F,Colors - Instrumental,Olga Chung,Tropical Time (Instrumental),track,2022,179543,chill,0,False,6UUbraIaaBKQGCZoSOmn0S
1sr8x7DgspVGnrSNoWKS3M,Wilderness - Original Mix,Gary B,"Yoga Music Session, Vol. 3: Relaxation & Meditation",track,2022,155454,chill,0,False,3j6HqaYmvmWOTF1MH7YTYk
4un6u0t5T2EehsZRCXUqwc,Chẳng Thể Bước Tiếp (Beat),Anh Khoa,Chẳng Thể Bước Tiếp,track,2022,250769,chill,0,False,0r5KtuhT32hmawS8dj6jFm
4ShtlLmZ5DB1fhxgKgIJBc,Selflove - Mirage Of Deep Remix,Mirage Of Deep,"Chill Out Lovers, Vol. 3",track,2022,315820,chill,0,False,0xfaXLGoGFTU4aLYFwZ9ID
12QjoVCE0hGPs5H2ZGgOKu,Lost in Thought - Original Mix,Michael E,Chillout Spring Gems 2022: Chillout Your Mind,track,2022,318857,chill,0,False,0n9KXYc3koLNmEc1CcK28R
35G23blM14msVu54QOV883,Are You Hiding - Tatva Kundalini Remix,Ganga,Techno Weekend,track,2022,440084,chill,0,False,0i6vkNic4Oz5lswGJIMsim
1r6D7LAaqTyWATnhyWf8H7,Lovely Evening - Original Mix,Marga Sol,Lovely Evening Lounge: Chillout Your Mind,track,2022,229598,chill,0,False,4y7BFiVRM23Sw8fUPcfXRI
2Ww3uNIiX23KxPUZL3isTy,Balearic Bliss - Chris Coco Remix,Steen Thottrup,"Floating Vibes (Lounge Deluxe), Vol. 3",track,2022,431246,chill,0,False,6tPMvCqpjXjP9Iezu41j3E
2xVn1NmFl1U7foUvYxNaiv,So Nice - Instrumental,Olga Chung,Deluxe Piano (Instrumental),track,2022,140695,chill,0,False,6UUbraIaaBKQGCZoSOmn0S
5S3pwsXZ9iWVq2oGhITisX,So Good,des hume,Bub,track,2022,274285,chill,0,False,0jR4cjFAcy3TmLw06xdKxh
3BDlLpu7kpOjZPmiFcwjIM,Keep Me Warm,Schwarz & Funk,"Moments Of Freedom, Vol. 3 (Finest In Chilled & Relaxing Lounge Tunes)",track,2022,301689,chill,0,False,5tOiT7pdFoQN3hf2OWj2fv
3ORTUXDedAJGj2DVumq49k,Boreales,Eskadet,"Chill Out Days, Vol. 3",track,2022,417480,chill,0,False,1WU8HgaC191SUbTXYbv7EG
4QtTQXaCAaUMyc9xKWeFtb,Thunder,Fink's Mood,Get Lucky - Cozy Covers,track,2022,171696,chill,0,False,1iUB72crNwlgJybWBA5Fl8
0ZL8CDfAYW7rN4pD0IyTOK,Catch A Wind,des hume,Bub,track,2022,115406,chill,0,False,0jR4cjFAcy3TmLw06xdKxh
2Z9J7NrV18zHouPO9V548a,Interpret (Instrumental),Noqh,avail_vol.1,track,2022,109714,chill,0,False,4Dgx4fwX106SbJsIxsJG6L
1pBGTJRSuxG9o0QEZ1Kg98,Fantasy or Reality,The Soul Crusaders,Antigua Orange: Urban Chillout Music,track,2022,250211,chill,0,False,4OtNtSl5YIokUYfvVC7XaE
1RvNVsAR0RDD0ddIpi3kHL,Illusory Interlude,Yugen Blue,Dream Sequence,track,2022,127571,chill,0,False,54rpvBtX5F8WG5SvKqhFAg
4m6VN5Bud4bATEYaI4YoCv,Best Drinking Song,Gold Lounge,New Years Eve Jazz Vibes,track,2022,157772,chill,0,False,6tgAJ51zboVLiYNiwJFm2j
6koKdTcUbpSU5HFdC99o9D,Carry You Home - Thor & Ravin Rebirth Remix,Ganga,"Floating Vibes (Lounge Deluxe), Vol. 2",track,2022,258186,chill,0,False,0i6vkNic4Oz5lswGJIMsim
7zy5D7WLd4NwoJFTTUETlF,Contact - Downtempo Instrumental,Simon Le Grec,Contact,track,2022,257472,chill,0,False,3L6Ns4B66CSARAXP4Vf3FX
5kNXizsr1RTMh50aWoY72q,Lost Island - Extended,Taigherwuds,Maldives Paradise,track,2023,197169,chill,0,False,5nK7Lmdvki1V1m7neI3a7S
40q6xNm2Z0oc4dUbWqocSu,Garden of the Senses,Eskadet,Forest Retreat: Chillout Your Mind,track,2023,256109,chill,0,False,1WU8HgaC191SUbTXYbv7EG
4BREdkRjcLhLGshEf2oslY,Paris amuse,Johannes Huppertz,French Love,track,2023,111464,chill,0,False,4TsTehffZj6pLWbA664hPW
5BP3wFm9ksgbxjmgifOT2o,One of Us Trailer,Threestyle,"Music for the Big Screen, Vol. 3",track,2023,23448,chill,0,False,6Dj8bjGUnCYJddzoiTdJjX
5Ov1cgF3jtlwiQFuOl1aLt,Coral Sea,Ingo Herrmann,Autumn Love,track,2023,158354,chill,0,False,1BmhDaTOi6GpVgiDAHasTX
7bMwITL3zUClUItbIv4LoG,The Nature - Extended,Taigherwuds,Surrounded by Nature,track,2023,191062,chill,0,False,5nK7Lmdvki1V1m7neI3a7S
1CIcnUBOeNqARQz79YPgic,Malou,Weathertunes,"Balearic Chill out Edition, Vol. 4",track,2023,331075,chill,0,False,09RO21zvGR2TKabNuqnGoM
6f2UfZ5d9c8gabzUgDoi5L,For Your Love,Olga Chung,Where Is The Love,track,2023,172505,chill,0,False,6UUbraIaaBKQGCZoSOmn0S
3UCl3H3hOjGPDM0ywppVJu,time fades - sped up,hxrtly,time fades,track,2023,123692,chill,0,False,5kQHsD2Du8pX3ECsgfdG7v
5mc1wHfIaMpbxLS09h6K21,Avec Ma Fille - Extended,Taigherwuds,Paris in Love,track,2023,149133,chill,0,False,5nK7Lmdvki1V1m7neI3a7S
4kCxckXlaRlTDppdQJwU5t,Night Dance - Extended,Taigherwuds,Weekend At Home,track,2023,286855,chill,0,False,5nK7Lmdvki1V1m7neI3a7S
7AIc3OcQRq5394fH0UigOA,How Sweet It Is,Lounge Deluxe,"Soothe, Vol. 1",track,2023,315505,chill,0,False,1HK0e2eOavl2NImA1pMdJ4
4IZPKzwii0ZjAZwwVl7VCA,Nebula,Thomas Lemmer,"Smooth Moods Chill Out, Vol. 2",track,2023,294720,chill,0,False,01Ix2zdjR4PQ2eYMpclD9d
3ZtsEUOxpAnM6lhlUMd9Tv,Good Enough,Trevor Poole,Good Enough,track,2023,134400,chill,0,True,7buQheR7CfANvdRHoRAub4
2v3rQFWoTmh7lZCN2QLygG,A Picture Of You - Remastered,Steen Thottrup,"Horizon In Blue (Selected Chill Out & Lounge), Vol. 4",track,2023,326736,chill,0,False,6tPMvCqpjXjP9Iezu41j3E
6pz9TjUlKTUaPo67LTjMDI,A Primera Hora,Paco Fernandez,Andalucía Chill - Calm Hammam,track,2023,219961,chill,0,False,0wjmKODfAPpZUNgUfL9VIi
4BOUme1VCq766Pnih6DKUp,111,Brown_buddha,buddha.BROWN,track,2023,139263,chill,0,False,1tq7w2ExDzd21D7ZVXszgo
2kOoVfBnknvQKTOQsNhH43,Yearn to Love - Original Mix,Soulavenue,"Sunday Heaven, Vol. 1",track,2023,303000,chill,0,False,0FdUUXSNyVYT2axD3Gxzmu
7th8CrGatAsdfau2z9LkUP,Sofa Lounge - Original Version,Jens Buchert,"Dolce Far Niente, Chap.2",track,2023,362693,chill,0,False,6alaxwLNRgI8B82ki2nLMj
252LBm2oX5sYYRKx3KMrmB,Natural High,Weathertunes,"Electronic Breath, Vol. 4",track,2023,252107,chill,0,False,09RO21zvGR2TKabNuqnGoM
3ADys4aDOj6EObJl92LaoY,Indigo Sky - Spring Mix,Ganga,Indigo Sky (Spring Mix),track,2023,282964,chill,0,False,0i6vkNic4Oz5lswGJIMsim
4P0QAvnQRgoKEWbsGVog8b,Long Way Home - Original Mix,Deeper Sublime,"World Lounge Club, Vol. 5",track,2023,256000,chill,0,False,7LxWEXnh53Ag3F03jcg0YA
4d53sKuo8uCbWIuBg26kzE,What If? - Interlude,Idi Akz,Leave This City,track,2023,26271,chill,0,False,7cmvUpGGozT8si6UDR0YHf
4pAkkhcSI9ChK3SXhP7zIL,Withered Blossom (Sped Up),GHXSTFVCES,Withered Blossom,track,2023,164571,chill,0,False,6ygsw5V1Qq4GmRAqf14Hlg
2UDGgIQIJSj3GVd9WgxHgj,Nemo,Ingo Herrmann,Concentración,track,2023,142889,chill,0,False,1BmhDaTOi6GpVgiDAHasTX
1uZdkfXnIeeuxTShIiMHox,French Connection,Johannes Huppertz,L'amour français,track,2023,144613,chill,0,False,4TsTehffZj6pLWbA664hPW
5px1VPbIV2zTbyiPjjgNn8,Em Có Nhớ Anh Không - Remix Short Version 3,Hiya,Em Có Nhớ Anh Không,track,2023,29800,chill,0,False,36HqaJcdxxKup5AbhP87k5
2A7OwyfpyOvdgasnprb73K,Diversities,Steen Thottrup,"Mandarin Chill Out, Vol. 1",track,2023,251146,chill,0,False,6tPMvCqpjXjP9Iezu41j3E
40KI90ij9Y6dCUT8ZrFIFm,Ptichka,Alfida,"The Best, Vol. 2",track,2023,224350,chill,0,False,1UvGNThRPnwerob3HUuxI3
79iz8cEWM0Urfo7HsGeXOZ,All I Care - Instrumental Mix,Marga Sol,Smooth Melodic Beats: Chillout Your Mind,track,2023,386086,chill,0,False,4y7BFiVRM23Sw8fUPcfXRI
6YN2hMWoxklxC1IY4Xp7sM,Chill - Extended,Taigherwuds,"Decompression, Vol. 02",track,2023,200570,chill,0,False,5nK7Lmdvki1V1m7neI3a7S
7oY4b3NdkVoeUMYwIBX5ZQ,Horizon - Extended,Taigherwuds,"New Chillout of 2023, Vol. 1",track,2023,179363,chill,0,False,5nK7Lmdvki1V1m7neI3a7S
63pMeSaELMWj2v7xee6Azi,Morning Sail,Tom Kalani,Space Time,track,2023,170000,chill,0,False,19b5Zn4pI7sCFiHfSlRFSc
0YnwjJiDCwbjq5czIV3jp8,Dance of the Crimson Red,Yantra Mantra,"Magic Island of Chill Out, Vol. 3",track,2023,240697,chill,0,False,595wjCw2rMjSYgjsNNLXhf
1bUUtxXnyU194w5SdgGjf1,ariel_-_demo,sevnce,Unsorted Metal Demos (v1),track,2023,264631,chill,0,False,7wPapjKklx1SwfkgoagUcG
0dLmqXVzleAFlKlR6K0bCP,Paris triste,Johannes Huppertz,L'amour français,track,2023,102060,chill,0,False,4TsTehffZj6pLWbA664hPW
4law8KSOkZ1YqlCSaaVLQa,Places That You Love,Five Seasons,Chillout Spring Gems 2023: Chillout Your Mind,track,2023,306076,chill,0,False,0vm9SrJaDy3ANXOHU2t6pe
2jBquldInRv1PdBxxBQIxZ,Peaches,Jo Rochford,Take Me Home Country Roads,track,2023,202032,chill,0,False,38vDOZ8sFoBrhvvJJ8l1eq
1P8802yniJzU1yqht2JjPp,Everyday I Miss You,Project Blue Sun,"Enjoy the Moment, Vol. 2",track,2023,254108,chill,0,False,3yJyh0YZiJPo3ZBNkw1Ayh
5T9B9L2hRs6BT9xuKpcbcZ,Cienfuegos - Remastered,Guenter Haas,"Organic Downtempo Flower House, Pt. 1",track,2023,232019,chill,0,False,0CKarxjRuE0XM2w7vOCDGU
4nEx5gqvjY93ymhBpiRF5F,Lost in a Dream,Guenter Haas,"Loading Chillout, Vol. 2",track,2023,402000,chill,0,False,0CKarxjRuE0XM2w7vOCDGU
0UX0lWVnXtB9iAX6d8Gkt3,Shetland,Guenter Haas,"Ibiza Chill Vibes, Vol. 5",track,2023,227717,chill,0,False,0CKarxjRuE0XM2w7vOCDGU
1tTCPwA2YqP01wYrY2ewTw,Sunrise at the Well,Yantra Mantra,"Ibiza Chill Vibes, Vol. 5",track,2023,272166,chill,0,False,595wjCw2rMjSYgjsNNLXhf
0KzVmTKNVNqRcu6pATdJ6N,Love to Scat,Gary B,Cityscape Chill: Urban Beats and Grooves,track,2023,247921,chill,0,False,3j6HqaYmvmWOTF1MH7YTYk
2Z7c8r6GmjFN2bai68jsMO,Change - Extended,Taigherwuds,World of Relaxation Restyled,track,2023,206693,chill,0,False,5nK7Lmdvki1V1m7neI3a7S
18tuvqv44624SKN6s3FQoA,Slow Walking - Extended,Taigherwuds,Slow Time,track,2023,259734,chill,0,False,5nK7Lmdvki1V1m7neI3a7S
0YVHGcUMABMnxUwuUFZyMi,For Better Or Worse,Marc Hartman,"Chill Out And Mellow, Vol. 1",track,2023,372871,chill,0,False,2ACJgAEcjpSAqR2TyGluyS
1NXDgguefMFYCJg73YEbIS,Time,Steen Thottrup,"Winter Sun (Chill Out Edition), Vol. 3",track,2023,307674,chill,0,False,6tPMvCqpjXjP9Iezu41j3E
6ER0tM9YQ81rjgFwNsPF4f,Bitter Symphonie,Johannes Huppertz,Chill Out Formentera,track,2023,275409,chill,0,False,4TsTehffZj6pLWbA664hPW
1IQLehq0deFKObBSzxpTJw,Starling,Chris Mercer,Bedtime Lullabies: Beautiful and Calming Lullabies for Babies and Young Children,track,2023,154877,chill,0,False,53vBEi3gGXKFxzz8WzsmAw
4DTWQaBuwHNCYGAZZhtEoe,Decompression - Extended,Taigherwuds,Ibiza Chill House Garden 2023,track,2023,278293,chill,0,False,5nK7Lmdvki1V1m7neI3a7S
1p5O1gp0FzFgOVxTp2yyj9,Rest,Bernard,Rest,track,2023,80197,chill,0,False,0qIdo63s9m0JI8LOQFFb0f
3GSJsRUkcNPO9lX74V3j1i,Twelve in June - Remastered,Guenter Haas,"Lounge & Chill Out Experience Of Mind, Body, Soul, Vol. 2",track,2023,285084,chill,0,False,0CKarxjRuE0XM2w7vOCDGU
57RfRFyAr9dUerBBK7zYUf,The Scent Of South,4 Wings,Developmental,track,2023,258786,chill,0,False,3S6AVWOYRIdSx9u9Vemb4g
1yUu8dnHhp5wJe4EvRyou3,Lazy Age - Original Mix,Jens Buchert,"The Y-Cafe Soundtrack, Vol. 3",track,2023,202776,chill,0,False,6alaxwLNRgI8B82ki2nLMj
6Qy5b4Po6mPldgrJffV31D,Buddha Philosophy - Extended,Taigherwuds,Ibiza Chillout Session (07),track,2023,173841,chill,0,False,5nK7Lmdvki1V1m7neI3a7S
6WnzJRMhbYqfoJ5stXxr9k,Phase 4,Loungeside,Phase 4,track,2023,206608,chill,0,False,7Fc3a0KSI8Lrdyl7LKAMAg
2zXItAlosvxKaZUMwbidBP,Repeating My Past,Steen Thottrup,"Electronic Finesse (The Intellectual Electronic Collection), Vol. 1",track,2023,227370,chill,0,False,6tPMvCqpjXjP9Iezu41j3E
3qLraUeulm6eYkfCuuZtrb,Riding on a Cloud - Original Mix,Peter Pearson,Calming Experience: Chillout Your Mind,track,2023,217226,chill,0,False,6BrmS3FaejcqcUYOtHbrC8
7eTtk11gL9LEbL4IV93Zrg,女ひとり - Electric Piano ver.,Shingo Sekiguchi,1秒先の彼 (Original Soundtrack),track,2023,21157,chill,0,False,1ZU8a8LHba4g0YFAL1PbO9
6YcMjMcC468SRqXHFnjHm6,Lakelectric - Original Mix,Jens Buchert,Rlx #43 - The Chill out Collection,track,2023,329540,chill,0,False,6alaxwLNRgI8B82ki2nLMj
1htgwaZJ8ulLQNr9IFLlzT,French People,Johannes Huppertz,L'amour français,track,2023,91062,chill,0,False,4TsTehffZj6pLWbA664hPW
3pbLzdMe3aeTG48cYSXIeK,Flow,Urban Phunk Society,"Cozy Sunday Tunes, Vol. 4 (Relaxing Downbeat & Lounge Beats For Restaurants, Bars And Hotels)",track,2023,266011,chill,0,False,2Ec8k0hX2B74EwELnDlBIP
5CbBByWwros4KDhk7MUNXw,Advelaga,Pep Llado,Andalucía Chill - Summer Party,track,2023,351503,chill,0,False,6uBwkVb29rfwRm0QVQSlV0
5nGnpxVtdoh9Pauq1evd5Q,Blue Rose - Eivizzards Mix,Schwarz & Funk,"Sunshine Tunes - Lounge Edition, Vol. 1 (Let The Sunshine In)",track,2023,355021,chill,0,False,5tOiT7pdFoQN3hf2OWj2fv
5aWzBbkAC3F08Smg0nP9RK,Boréales,Eskadet,"Magic Island of Chill Out, Vol. 3",track,2023,417480,chill,0,False,1WU8HgaC191SUbTXYbv7EG
48tI46D7xvc1FEFIRTDqVb,aurora borealis,ask eternity,aurora borealis,track,2023,96870,chill,0,False,6lQs2TPrgAhxA1FdawI7MK
7FHYIjbBD4h7PD22QHUpNr,When the Sun Goes Down - Extended,Taigherwuds,Cocktail Lounge,track,2023,199073,chill,0,False,5nK7Lmdvki1V1m7neI3a7S
6zQa1jZKGnVTPyTrjXYqQ8,Balearic Bliss - Anders Ponsaing Remix,Steen Thottrup,"Sunshine in the Air, Vol. 4",track,2023,440000,chill,0,False,6tPMvCqpjXjP9Iezu41j3E
2rt1FxDvvt85jjL371zqyg,Slowdown,351 Lake Shore Drive,"Organic Downtempo Flower House, Pt. 1",track,2023,345375,chill,0,False,1YSCGkoQNnkpU7z6osMvMm
7K5vr5EKqtxblOrlpNfyAH,Cala Contigo,Steen Thottrup,"Electronic Finesse (The Intellectual Electronic Collection), Vol. 4",track,2023,289678,chill,0,False,6tPMvCqpjXjP9Iezu41j3E
0sglNqVT6yZgZGwHoRnm3Q,Prayer,Guenter Haas,"Ibiza Chill Vibes, Vol. 4",track,2023,249309,chill,0,False,0CKarxjRuE0XM2w7vOCDGU
33qxh207je1cuSbOv3xmQU,Tone Slack,Tom Kalani,Space Time,track,2023,172800,chill,0,False,19b5Zn4pI7sCFiHfSlRFSc
5GlhXkPbUM2apz3M9ZOrez,Big Space - Duet Version,Ulli Boegershausen,Big Space (Duet Version),track,2023,174915,chill,0,False,7cfu1JFXiRLxUGdGdNt64V
51WsqSoOcKzJYkmLftRU7F,Love Me or Leave Me Alone,Guenter Haas,"Lounge & Chill Out Experience of Mind, Body, Soul, Vol. 3 (Selected)",track,2023,313899,chill,0,False,0CKarxjRuE0XM2w7vOCDGU
4gsKXNJ7DzoBbOcjUjrvJ8,For Better or Worse,Marc Hartman,"Balearic Chill out Edition, Vol. 1",track,2023,372871,chill,0,False,2ACJgAEcjpSAqR2TyGluyS
5E1khMypx36XvHA4nR1IML,The Dark Side,Guenter Haas,"Smooth Moods Chill Out, Vol. 2",track,2023,254333,chill,0,False,0CKarxjRuE0XM2w7vOCDGU
1iIiQJxVjHPZ0ZHvGYkPqM,Irish Woman - Original Mix,KoolSax,"Lounge Meets Chill Out, Vol. 2",track,2023,308910,chill,0,False,5pYA7yh5jrrZqN2EeMDaDs
3F3z97vP4amjOxrfXz7pvN,ways to get away (sped up),Solace,ways to get away,track,2023,97610,chill,0,False,62AlnDIQccDoQ5FPZRrSL3
4mXNr1Ea24SSVAyM0ZFQ3I,A Mi Aire,Aitor Escobar,Andalucía Chill - Califa Café,track,2023,223152,chill,0,False,7ce96PqsJgyrYOmUyigzkc
3aoFvgU1YepDwsdTf135cr,Hidden Tribes - Jack Essek Remix,Marga Sol,"Buddha Luxury, Vol. 7: Compiled by Marga Sol",track,2023,397783,chill,0,False,4y7BFiVRM23Sw8fUPcfXRI
1ggCxX26qdj9mwysL5qqwT,Lying To Me - Original Radio Edit,Ingo Herrmann,"Deepest Taboo, Vol. 1",track,2023,232122,chill,0,False,1BmhDaTOi6GpVgiDAHasTX
0BHYVSDkCmHkCjIJrHP9xA,Stargazing (In Your Eyes) IWyLm,sevnce,Unsorted Metal Demos (v1),track,2023,181443,chill,0,False,7wPapjKklx1SwfkgoagUcG
3vWdfOXNVSXMO1APn7CuSG,I Feel You,Gary B,"The Essential Downtempo, Vol. 5: Chillout Your Mind",track,2023,125630,chill,0,False,3j6HqaYmvmWOTF1MH7YTYk
2gio2XWMplhQZJpJx1s4C4,Skipass - Extended,Taigherwuds,Best Part of Chillhouse,track,2023,226276,chill,0,False,5nK7Lmdvki1V1m7neI3a7S
76EgXtiD1N1YGGcokISMlV,Leire,Aitor Escobar,Andalucía Chill - Califa Café,track,2023,292556,chill,0,False,7ce96PqsJgyrYOmUyigzkc
36OQgSM8JBOCQygjmQucxT,Đêm Da Vàng,Anh Khoa,Băng Nhạc Shotguns 15,track,2023,357341,chill,0,False,0r5KtuhT32hmawS8dj6jFm
6puUE9OkRIw738BJTMS4kK,Talking With Myself '98 - Beloved Radio Edit,Electribe 101,Radar De Éxitos: Otoño,track,2023,241466,chill,0,False,03E0TlGIGYR5G3vzkjGrtv
0i5vwcBSIxUT80ar1TIY2o,Temple Of Desire,Eskadet,"Horizon In Blue (Selected Chill Out & Lounge), Vol. 2",track,2023,375980,chill,0,False,1WU8HgaC191SUbTXYbv7EG
0XGtgSurtsRssObdKYbUwa,Fortune,Merge of Equals,Equality,track,2023,193000,chill,0,False,4j1p1KErGMTybMJwWEm8AP
0Bz1cObwMhUM7AGgqDGwJX,Highlining,Tom Kalani,Space Time,track,2023,151153,chill,0,False,19b5Zn4pI7sCFiHfSlRFSc
2HbikHuRCid1pfmwmregJi,Cicada Interlude - Mixed,Chris Coco,Disappear (DJ Mix),track,2023,29576,chill,0,False,7iFBCM9EuHMsWytEVnplIP
2ZWVJxw5pFDrmR6rvQATdZ,At Same Level,Olga Chung,The Hoax,track,2023,215551,chill,0,False,6UUbraIaaBKQGCZoSOmn0S
2czuncc5Px8LWOeiJEXNin,Dark Star Light JsRmX,sevnce,Unsorted Metal Demos (v1),track,2023,218000,chill,0,False,7wPapjKklx1SwfkgoagUcG
3sRhBxk4Mt7jH0Q8LRFyJN,time fades - slowed,hxrtly,time fades,track,2023,155076,chill,0,False,5kQHsD2Du8pX3ECsgfdG7v
4KWP3H46X4ZEexE3kNIe3f,Stars In Your Eyes,Eskadet,"Mood For Lounge (Special Selected Collection), Vol. 4",track,2023,354000,chill,0,False,1WU8HgaC191SUbTXYbv7EG
4sC8Rqz7H4l8uKeOeKmEZr,One Chance,Project Blue Sun,"Loading Chillout, Vol. 2",track,2023,358706,chill,0,False,3yJyh0YZiJPo3ZBNkw1Ayh
7aJMj2uAVbwPOjuCnrTtVp,A Gentle Breeze,Yantra Mantra,"Dubai Lounge & Chill Out Session, Vol. 1 (Selected)",track,2023,280384,chill,0,False,595wjCw2rMjSYgjsNNLXhf
2UtgrIMLHRuB6PlgpliyLK,One Step Forward,Channing Spence,One Step Forward,track,2023,170706,chill,0,False,7HHhJuGxvzmJzu0UOfrEEp
6jgMgVbOxGe2LaMydVddlH,Mẹ Thôi Khóc,Anh Khoa,Băng Nhạc Shotguns 31 (Hòa Bình),track,2023,356135,chill,0,False,0r5KtuhT32hmawS8dj6jFm
0kOj3ycOxwdyVWD8QwRofq,Verdon,Artenovum,Best Sound of Chill & Lounge 2023 – Winter Edition,track,2023,273891,chill,0,False,3SPG8VuJfCW9YUtiXItgNP
7dMVuFgQt7mKL1igI9aCYT,Aviator,Weathertunes,Ambient Chill out Ibiza 2023,track,2023,288000,chill,0,False,09RO21zvGR2TKabNuqnGoM
3NBHZIhhkq8vSwSQONJSdR,Only Love (Acoustic),Shannon & Keast,#Acousticcovers,track,2023,211750,chill,0,False,48hHNfz4xNPbsKEZOkNfmN
37uXulv1592mIGmEd9h6yQ,Wellenreiter - Original Mix,Jens Buchert,Rlx #43 - The Chill out Collection,track,2023,242278,chill,0,False,6alaxwLNRgI8B82ki2nLMj
63RcyjIAUk4GF06ePOdMSB,Kish-Mish - New Harvest Mix,Alfida,Kish-Mish (New Harvest Mix),track,2023,204600,chill,0,False,1UvGNThRPnwerob3HUuxI3
4cJNJvrVzpGBNht3sCpFRk,Missing U - Instrumental Mix,Steen Thottrup,Soothing Sounds: Chillout Your Mind,track,2023,309916,chill,0,False,6tPMvCqpjXjP9Iezu41j3E
7LtG8CJWuVteVTQvOmI7aJ,Sack Full Of Stones,Olga Chung,Wooden Cross,track,2023,203030,chill,0,False,6UUbraIaaBKQGCZoSOmn0S
7eTe5Sc0cBmk6Iz7d9Sa96,Long Island,Loungeside,Nochmal Schmusen,track,2023,396150,chill,0,False,7Fc3a0KSI8Lrdyl7LKAMAg
0wfCvW449sRTPkpLCQlyae,Sueños,Pep Llado,Andalucía Chill - Blancas Salinas,track,2023,390426,chill,0,False,6uBwkVb29rfwRm0QVQSlV0
4yGASwGvPL6pDBarMqs1sS,Come Back - Extended,Taigherwuds,Pure Chillout,track,2023,207961,chill,0,False,5nK7Lmdvki1V1m7neI3a7S
1G38ikTQgUq9lGvdptQpSn,Dharana Pt. 1,Afterlife,Ibiza Sunset Chillout Lounge Vol. 1,track,2023,319503,chill,0,False,6gnvHPFDgWP4LiES4X0Ajz
2GBlELUnRDhXk7UuiwtbUX,Your Delirium,Olga Chung,Wooden Cross,track,2023,200462,chill,0,False,6UUbraIaaBKQGCZoSOmn0S
5ozqqFIZcNlqTzMKhUk63h,Touch - Extended,Taigherwuds,Sensual Chilling Moves,track,2023,166843,chill,0,False,5nK7Lmdvki1V1m7neI3a7S
4xhahuMp4z7Peox9fkTScP,Diner sur la Seine - Extended,Taigherwuds,Paris in Love,track,2023,130272,chill,0,False,5nK7Lmdvki1V1m7neI3a7S
1SuKssXCdRVgaoGoJm1vql,Fireflies - Original Mix,Jens Buchert,Rlx #43 - The Chill out Collection,track,2023,265604,chill,0,False,6alaxwLNRgI8B82ki2nLMj
