name_track,artist_name_raw,artist_name_norm,name_album,type,year,duration_ms,popularity,id_genre
Where We All Soar,Noah Jacob,noah jacob,Where We All Soar,track,2019,519383,0,3
Time 2 Quit - Remix Instrumental,BUPPON,buppon,enDroll : 12inch CLUB Package,track,2019,188223,0,3
Lotus Yoga,Sami Sivananda,sami sivananda,"Relax in Style, Vol. 3",track,2019,262789,0,3
The Breath Of Ganges,Mirage Of Deep,mirage of deep,"Chill Out Whisper, Vol. 2",track,2019,441493,0,3
Your Christmas Spirit,Tom Kalani,tom kalani,Atmospheric,track,2019,184390,0,3
Narrow,Zedman,zedman,Brain Storm,track,2019,165929,0,3
Inner Peace,Sami Sivananda,sami sivananda,"Enjoy the Silence, Vol. 7",track,2019,264550,0,3
Bamboo Girl,Sunyata Project,sunyata project,Pure Wellness 7,track,2019,206150,0,3
Sunset Traveller,Marga Sol,marga sol,"Calm WInter Eve, Vol. 1 (Finest In Chill Out & Ambient Sound For The Cozy Time Of The Year)",track,2019,429714,0,3
Mike Shoes,Zedman,zedman,Mike Shoes,track,2019,176222,0,3
Zavior,Zedman,zedman,Zavior,track,2019,169010,0,3
Rubber,Zedman,zedman,Naibu,track,2019,158083,0,3
Pai Mu Tan - SPA Mix,Florito,florito,"Drops Of Summer (The Electronic Collection), Vol. 3",track,2019,306189,0,3
Voyage - Enigmatic Spirit Mix,Artenovum,artenovum,"The Forest Chill Lounge, Vol. 15 (Deep Moods Music with Smooth Ambient & Chillout Tunes)",track,2019,304333,0,3
True Love,Merge of Equals,merge of equals,Balearic Chill #5,track,2019,276100,0,3
Sober,David Emde,david emde,Smile,track,2019,235000,0,3
King,Zedman,zedman,Cards,track,2019,259134,0,3
Are You Hiding - Original Mix,Ganga,ganga,"Floating Clouds (Amazing Chill out Anthems), Vol. 1",track,2019,378063,0,3
Pi Lo Chun,Sunyata Project,sunyata project,"Supreme Relax, Vol. 3",track,2019,347075,0,3
Atolls,Coral Chiller,coral chiller,Buddha Hotel Suite Special,track,2019,274006,0,3
Mahareena - Extended Mix,Sunyata Project,sunyata project,"Relax in Style, Vol. 3",track,2019,300742,0,3
Twice,Shannon & Keast,shannon keast,90S 00S and 10S Covers,track,2019,158025,0,3
Look Inside,Tom Kalani,tom kalani,Atmospheric,track,2019,133199,0,3
Love Revolucion - Original Mix,Marga Sol,marga sol,Singapore Orange (Urban Oriental Music),track,2019,372169,0,3
Temple Tunes,Sami Sivananda,sami sivananda,Inner Balance: Chillout Your Soul 7,track,2019,405714,0,3
Satori,Sami Sivananda,sami sivananda,Inner Balance: Chillout Your Soul 6,track,2019,325047,0,3
Wide Emotions - Floating String Chillout Mix,For Found Future,for found future,"Buddhatronic - the Compilation, Vol. IV (Best of Mystic Bar Sound Meets Buddha Chill out Lounge)",track,2019,312000,0,3
Waterworlds,Ingo Herrmann,ingo herrmann,Truth,track,2019,168250,0,3
Les Pieds Dans L'Eau,Peter Pearson,peter pearson,"Una Noche Mas (Solo Lounge Anthems), Vol. 2",track,2019,329600,0,3
Nower,David Emde,david emde,Smile,track,2019,175125,0,3
Here,Placid Larry,placid larry,"Sunset Meditation - Relaxing Chill Out Music, Vol. 10",track,2019,226017,0,3
The Star of the County Down,Lasse Ivonen,lasse ivonen,Celtic Tunes on Classical Guitar,track,2019,135891,0,3
Let Me In,Chloe Kay,chloe kay,Fall Into U,track,2019,198449,0,3
Pure,Sami Sivananda,sami sivananda,"Chillout Connection, Vol. 5",track,2019,297000,0,3
Up,Zedman,zedman,Up,track,2019,199653,0,3
Sunset,Sami Sivananda,sami sivananda,"Enjoy the Silence, Vol. 5",track,2019,97050,0,3
Run/,Zedman,zedman,Zavior,track,2019,173509,0,3
Dive - Late Night Chill Version,Thomas Lemmer,thomas lemmer,Sensual Spa Lounge 10 - Chill-Out & Lounge Collection,track,2019,346000,0,3
Plan B,Zedman,zedman,Zavior,track,2019,159405,0,3
Blissful Mind,Thomas Lemmer,thomas lemmer,RLX #22 - The Chill Out Collection,track,2019,255221,0,3
Eternally in Love - Original Mix,Sami Sivananda,sami sivananda,Asian Heart Lounge: Chillout Your Mind,track,2019,288000,0,3
Vanila Sky,Marga Sol,marga sol,Sunset Beach Lounge: The Best Chill Out Music for My Beach Party,track,2019,411457,0,3
Sleeping Thoughts,Coral Chiller,coral chiller,"Champagne Loungin, Vol. 9 (Compiled by Eddie Silverton)",track,2019,344962,0,3
Missing You - Beauty Way of Life Instrumental Mix,Artenovum,artenovum,"Chill on the Beach, Vol. 6 (20 Finest Balearic Chillhouse & Ibiza Chillout Lounge Tunes)",track,2019,265333,0,3
Come & Love Me - Original Mix,Marga Sol,marga sol,Lovers Lounge (Chillout Your Mind),track,2019,275999,0,3
Maha-Amba - Living Room Remix,Mathieu & Florzinho,mathieu florzinho,"Lakeside Chill Sounds, Vol. 15",track,2019,352000,0,3
Clouds,Beatkonexion,beatkonexion,Enchilladas - Daily Spa Chillout Lounge - Editión Uno,track,2019,218993,0,3
I Hope Yesterday Never Comes - Original Mix,Steen Thottrup,steen thottrup,"Floating Clouds (Amazing Chill out Anthems), Vol. 1",track,2019,403026,0,3
Eternally in Love,Sami Sivananda,sami sivananda,"Supreme Relax, Vol. 5",track,2019,288550,0,3
Words = Weapon,Zedman,zedman,Brain Storm,track,2019,185573,0,3
Meet Me There,Ganga,ganga,Mykonos Sunsets (The Chill Out Beach Edition),track,2019,291213,0,3
Harder I Go,Winston,winston,In House Beefin,track,2019,225660,0,3
Down in Jaipur,Mathieu & Florzinho,mathieu florzinho,RLX #25 - The Chill Out Collection,track,2019,317373,0,3
Ace,Zedman,zedman,Cards,track,2019,275147,0,3
Buckle Up - Mixed,Summer Heart,summer heart,Kitsuné Musique Mixed by Kinder (DJ Mix),track,2019,147385,0,3
Use Somebody,Shannon & Keast,shannon keast,90S & 00S Love Songs,track,2019,207921,0,3
Movie,Zedman,zedman,Cards,track,2019,223425,0,3
Parabolic,Jens Buchert,jens buchert,Ibiza Chillout #9,track,2019,320974,0,3
The Wind,Ganga,ganga,"Lounge & Summer, Vol. 4",track,2019,281910,0,3
Quite Some Time,David Emde,david emde,Smile,track,2019,186986,0,3
The Nearness of You,Shannon & Keast,shannon keast,Jazz Music Playlist for Studying,track,2019,226712,0,3
The Ocean - Original Mix,Marga Sol,marga sol,Zen Lounge (Chillout Your Mind),track,2019,312333,0,3
Zealous - Atmosphere Edit,Loungeside,loungeside,New Perspectives of Chillout,track,2019,354600,0,3
Surrounding - Extended Mix,Sunyata Project,sunyata project,Fahrstuhl Musik: Etage 2,track,2019,355195,0,3
Won't Give up (Cafe Del Mar Mix),Roberto Sol,roberto sol,"Hotel Lounge, Vol. 3",track,2019,254067,0,3
Spirit of Ashram - Extended Mix,Sunyata Project,sunyata project,Meditation Zone 7,track,2019,340729,0,3
Another Orbit - Your Dreams Mix,Jean Mare,jean mare,"Cherry Blossoms Springtime Chill, Vol. 2 (Finest Ambient and Background Music to Relax)",track,2019,215100,0,3
Nirvana Song - Dreamers inc & ThroDef remix,Nacho Sotomayor,nacho sotomayor,Singapore Orange (Urban Oriental Music),track,2019,372636,0,3
Wonderful - Dreamersinc & Throdef Deep Remix,Nacho Sotomayor,nacho sotomayor,"Pink Lounge Collection, Vol. 3",track,2019,416965,0,3
Me,Zedman,zedman,Naibu,track,2019,202135,0,3
Golden Lightfalls,Ganga,ganga,Golden Lightfalls,track,2019,285663,0,3
What We Had - Love Mix,Marga Sol,marga sol,"Chilled Weekend, Vol. 4 (Keep Calm And Enjoy This Amazing Mix Of Down Beat Tunes)",track,2019,301781,0,3
Nothing Without You - Original Mix,Weathertunes,weathertunes,"Sunrise, Sunset & Moonlight (25 Beautiful Vocal Tunes) [Moonlight Edition]",track,2019,240533,0,3
Son of a Preacher Man,Shannon & Keast,shannon keast,Chill R&B Soul Acoustic Playlist: 14 Smooth and Chilled Tracks,track,2019,162371,0,3
A New Day Coming - Original Mix,Steen Thottrup,steen thottrup,"Floating Clouds (Amazing Chill out Anthems), Vol. 3",track,2019,349653,0,3
Go There,Ganga,ganga,"Sweet Dreams (Beautiful Lounge Collection), Vol. 2",track,2019,252956,0,3
Galactic Highway - Nu Chillgroove Mix,Artenovum,artenovum,"Cafe Arte, Vol. 2 (Finest Chillout & Lounge Downbeat Playlist)",track,2019,302702,0,3
Half Moon Bay,Euphonic Traveller,euphonic traveller,Balearic Chill #5,track,2019,406000,0,3
See the Sun,ASP Project,asp project,"The Trance Effekt, Vol. 3",track,2019,317610,0,3
Body Language,Marga Sol,marga sol,The Boudoir Lounge: Sexy Chillout Music for Lovers,track,2019,250408,0,3
Funny Valentine,Florito,florito,"Chillout Connection, Vol. 5",track,2019,153315,0,3
Latin Go - Part One,VARGO,vargo,I Love Mukke II,track,2019,496800,0,3
More Than Friends,Mokita,mokita,Armada Music 2020,track,2019,159039,0,3
Amour Noblesse,Jens Buchert,jens buchert,"Sensual Spa Lounge, Vol. 12",track,2019,310451,0,3
Hallou,Jens Buchert,jens buchert,Ibiza Chillout #6,track,2019,247461,0,3
Ampurdan,Flashbaxx,flashbaxx,Chillers (Ambient & Lounge Selection),track,2019,392656,0,3
Sensuality,Roberto Sol,roberto sol,"Chillax, Vol. 4",track,2019,245250,0,3
Mental Journey - Original Mix,Sami Sivananda,sami sivananda,Ibiza Winter Session 2020 (The Island Chill out Pearls),track,2019,267265,0,3
Dreams (The W Song) - Remastered,Steen Thottrup,steen thottrup,Ibiza Sunsets (The Chill Out Beach Edition),track,2019,261162,0,3
Let EM,Zedman,zedman,Zavior,track,2019,225123,0,3
You're Still the One,Shannon & Keast,shannon keast,90S 00S and 10S Covers,track,2019,203713,0,3
Wish - Chill Mix,Roberto Sol,roberto sol,"Arabian Shisha Lounge, Vol. 6",track,2019,246805,0,3
Yogi Chill,Sami Sivananda,sami sivananda,Dreamline 8,track,2019,222550,0,3
Fledgling,Noah Jacob,noah jacob,From My Heart Through My Hands,track,2019,311350,0,3
Pharvari,Yantra Mantra,yantra mantra,Touch My Soul,track,2019,317291,0,3
Running to the Void,Eskadet,eskadet,Urban Buddha,track,2019,452466,0,3
HellBent,Zedman,zedman,HellBent,track,2019,207725,0,3
Expression,Zedman,zedman,Zavior,track,2019,158850,0,3
Morning Sun,Marga Sol,marga sol,Midnight Arouse: Sexy Chill Out Music for a Seductive Night,track,2019,263416,0,3
Madara,Kyroshie,kyroshie,Best Trap,track,2019,173910,0,3
"No Talking, Just Walking",Ulli Boegershausen,ulli boegershausen,"No Talking, Just Walking",track,2019,190194,0,3
Into the Ether - Original Mix,Lazy Hammock,lazy hammock,"Chill out Magnifique, Vol. 2",track,2019,399626,0,3
You Belong to Me,Shannon & Keast,shannon keast,Jazz Music Playlist for Studying,track,2019,177309,0,3
Wy Words - Original Mix,2illusions,2illusions,"Sample of Pleasure, Vol.5",track,2019,230770,0,3
Lanibia Dreams - 7 Stars Mix,Artenovum,artenovum,"Sun & Chill, Vol. 4 (Relaxing Moments with Smooth Lounge & Ambient Tunes)",track,2019,279157,0,3
I'll Always Love You - Instrumental Mix,Florzinho,florzinho,"Coffee Bar Chill Sounds, Vol. 12",track,2019,274281,0,3
All I Long For - Original Mix,Gary B,gary b,Travel & Living Lounge Vol.4 (Traveling Chillout Mood),track,2019,240000,0,3
The Scientist,Shannon & Keast,shannon keast,Acoustic Rock 2019,track,2019,210456,0,3
The Journey Begins - Extended Mix,Sunyata Project,sunyata project,"Supreme Relax, Vol. 5",track,2019,236686,0,3
One World One Future,Roberto Sol,roberto sol,"Sound of Serenity, Vol. 8",track,2019,317647,0,3
Don't Go Home Yet,Five Seasons,five seasons,"Nights Of Glitter (The Ultimate Lounge Collection), Vol. 2",track,2019,275640,0,3
Lotus,Sunyata Project,sunyata project,Pure Wellness 8,track,2019,226100,0,3
Resident Evil - Rock da Floor Mix,Loungeside,loungeside,Distant Echo 2,track,2019,232330,0,3
Changes,Marga Sol,marga sol,"Feel the Heat, Vol. 2 (Fantastic Selection Of EDM & Progressive House Bangers To Bounce Around)",track,2019,379487,0,3
FlintStone,Zedman,zedman,Zavior,track,2019,178677,0,3
My Mind,Sarah rosen,sarah rosen,I Only Need Myself,track,2019,104728,0,3
Dwa Serduszka,Ulli Boegershausen,ulli boegershausen,Dwa Serduszka,track,2019,149045,0,3
Feel So Good,Florito,florito,"Chill Out Whisper, Vol. 2",track,2019,371333,0,3
System Failure,Zedman,zedman,Naibu,track,2019,194115,0,3
Samadhi Vibes,Sami Sivananda,sami sivananda,"Dreamy Sunset Lounge, Vol. 3",track,2019,195739,0,3
Nothing Without You,Weathertunes,weathertunes,"A Day At The Terrace (A Chillin' Lounge Selection), Vol. 4",track,2019,240533,0,3
Habitatmodul,Jens Buchert,jens buchert,"Lakeside Chill Sounds, Vol. 12",track,2019,278490,0,3
La Vie en rose,Shannon & Keast,shannon keast,Jazz Songs for a Dinner Party,track,2019,154509,0,3
Anis Nous Explique,Weathertunes,weathertunes,"Isla Bonita, Vol. 4",track,2019,331885,0,3
A Humble Student,Host Bodies,host bodies,Diamondfruit,track,2019,410770,0,3
Misty,Shannon & Keast,shannon keast,Jazz Classics Covered,track,2019,166774,0,3
Rocker,Zedman,zedman,Brain Storm,track,2019,130115,0,3
Bahia,Faro,faro,RLX #28 - The Chill out Collection,track,2019,366200,0,3
Storm // Psalms,Chimezie,chimezie,Peace & Blessings,track,2019,131450,0,3
Better Know,Zedman,zedman,Zavior,track,2019,179121,0,3
Fields of Gold,Shannon & Keast,shannon keast,Acoustic Chilled Playlist: Beautifully Relaxing Acoustic Arrangements,track,2019,268000,0,3
Champagne & Dancing,Lazy Hammock,lazy hammock,"Clubbers Culture: Downbeat & Chill Out Zone, Vol.2",track,2019,355852,0,3
Cocktail,Five Seasons,five seasons,"Chill Out Whisper, Vol. 2",track,2019,255148,0,3
Away,Zedman,zedman,Zavior,track,2019,127190,0,3
Lying To Me - Radio Edit,Ingo Herrmann,ingo herrmann,"Deep-House Paradise, Vol. 4",track,2019,232122,0,3
Walk Around - Beach House Mix,Schwarz & Funk,schwarz funk,Sunset Chill Out,track,2019,362295,0,3
It's Hard - Mystic Instrumental Mix,Artenovum,artenovum,"The Forest Chill Lounge, Vol. 15 (Deep Moods Music with Smooth Ambient & Chillout Tunes)",track,2019,247546,0,3
Night Shade - Electronic Chillhouse Mix,Jean Mare,jean mare,"Chill on the Beach, Vol. 6 (20 Finest Balearic Chillhouse & Ibiza Chillout Lounge Tunes)",track,2019,278000,0,3
That Day - Olson Remix,Massivan,massivan,"Dünen Lounge Musik, Juist 2019",track,2019,189277,0,3
Endless Time - Chillout Mix,Marie Therese,marie therese,Sunset Emotions Vol.1 (Compiled by Marco Celloni),track,2019,268457,0,3
1000 Years Old,Ganga,ganga,"Nights Of Glitter (The Ultimate Lounge Collection), Vol. 1",track,2019,373960,0,3
Compassion - Remastered,Steen Thottrup,steen thottrup,"Sunday Lounge, Vol. 4",track,2019,231442,0,3
Aeon In Motion,Jens Buchert,jens buchert,RLX #26 - The Chill Out Collection,track,2019,303393,0,3
Ursa Major,Pier-O,pier o,"Chilled Deep House Tunes, Vol. 2 (Sit Back And Enjoy This Wonderful Selection Of Modern Deep House Tunes)",track,2019,332459,0,3
Golden Sunrise,Marga Sol,marga sol,The Morning Light: Beautiful Relaxation Music to Start My Day,track,2019,293333,0,3
Baby I Like It - Club Mix,Project Blue Sun,project blue sun,Baby I Like It,track,2019,324668,0,3
Dreamin - Original Mix,Sine,sine,"Sensual Spa Lounge, Vol. 5",track,2019,303243,0,3
Piyar dosti hai,Yantra Mantra,yantra mantra,Touch My Soul,track,2019,304214,0,3
Far Away - Jean Mare Electronic Remix,For Found Future,for found future,"The Forest Chill Lounge, Vol. 14 (Deep Moods Music with Smooth Ambient & Chillout Tunes)",track,2019,353454,0,3
Living on the Moon - Original Mix,Ganga,ganga,"Sunrise, Sunset & Moonlight (25 Beautiful Vocal Tunes) [Moonlight Edition]",track,2019,253770,0,3
As Far as the Eye Can See - Original Mix,Michael E,michael e,White Sensation Lounge (Chillout Your Mind),track,2019,498000,0,3
Without You - Original Mix,Gary B,gary b,Travel & Living Lounge Vol.5,track,2020,251013,0,3
Eternal Love,Weathertunes,weathertunes,"Another Day, Another Island (Beautiful Lounge Collection), Vol. 2",track,2020,224866,0,3
Outta Reach,Jay Cinema,jay cinema,Better Days Ahead,track,2020,117134,0,3
Vinile,Gold Lounge,gold lounge,The Golden Room (8D Sound Chillout Vibes),track,2020,157268,0,3
put more arch in yo spine,austin fox 狐,austin fox,ESCAPE FROM TELEVANIA,track,2020,214227,0,3
Demon Timing,Zedman,zedman,Demon Timing,track,2020,158837,0,3
Bosporus - Original Mix,Jasmon,jasmon,"Sunrise Meditation, Vol. 2",track,2020,266893,0,3
Isolation Tank,Gelka,gelka,Isolation Tank,track,2020,223678,0,3
For Those Who Left Us,Yantra Mantra,yantra mantra,"The Chill Out White Sheep Session, Vol. 1",track,2020,245530,0,3
Who Am I,Shannon & Keast,shannon keast,Sad Songs 2021,track,2020,275464,0,3
Red Lanterns,Jasmon,jasmon,"Deep Breathing (Beautiful Music For Your Soul), Vol. 3",track,2020,264646,0,3
Az Freestyle,Swordbearer,swordbearer,Silience,track,2020,50780,0,3
Serendipity,Gary B,gary b,Southbeat Pres: Coffee Morning Chill Selection,track,2020,273019,0,3
Mar y Sol - Beach House Mix,Schwarz & Funk,schwarz funk,Chill Dreams,track,2020,361199,0,3
From A Friend,Five Seasons,five seasons,"Chill Out Journey, Vol. 2",track,2020,250000,0,3
Easier,Gary B,gary b,Southbeat Pres: Coffee Morning Chill Selection,track,2020,268019,0,3
Totality - Original Mix,Mirage Of Deep,mirage of deep,"Sunset Vibes (La Musica Electronica), Vol. 3",track,2020,381935,0,3
Mahareena - Ibiza Mix,Sunyata Project,sunyata project,"Pink Flamingo Chillout Music, Vol. 2",track,2020,306742,0,3
Blue Rose - Eivizzards Mix,Schwarz & Funk,schwarz funk,Sunset Surfing Lounge: Chillout Your Mind,track,2020,355021,0,3
Bahia - Original Mix,Faro,faro,"Coffee Bar Lounge, Vol. 21",track,2020,366200,0,3
Will You Love Me Tomorrow,Shannon & Keast,shannon keast,Acoustic R&B Love Songs,track,2020,218000,0,3
Secret Lovers,Michael E,michael e,"Globetrotter, Vol. 4",track,2020,280080,0,3
Falling into Existence - Instrumental Mix,Marga Sol,marga sol,"Take it Easy, Vol. 1 (Wonderful Selection Of Calm & Chilled Electronic Tunes)",track,2020,253090,0,3
Golden,Ganga,ganga,Around the World (A Chill Out & Lounge Journey),track,2020,294154,0,3
Sunny Day - Lemongrass Lazy Afternoon Rework,Weathertunes,weathertunes,"Lost in Paradise (Beautiful Summer Tunes), Vol. 3",track,2020,266813,0,3
Anis nous explique - Original Mix,Weathertunes,weathertunes,"Fireplace Chill, Vol. 2",track,2020,331840,0,3
Lift Me Up - Club Mix,Cambis,cambis,"House Record Bag, Vol. 1",track,2020,493228,0,3
Who Knew,Shannon & Keast,shannon keast,Sad Songs 2020,track,2020,227799,0,3
Riding On a Cloud,Peter Pearson,peter pearson,Pure Relaxation,track,2020,217226,0,3
Vasantika,Yantra Mantra,yantra mantra,"Lounge Top 55, Vol. 6 Deluxe, the Original",track,2020,292364,0,3
Cool and Dry - Lounge Sphere Mix,Jean Mare,jean mare,"Soundbar Deluxe Chill Lounge, Vol. 6 (Best of Ibiza Chillout Ambient and Downbeat Tracks)",track,2020,252357,0,3
BEAMstyle Shit,austin fox 狐,austin fox,ESCAPE FROM TELEVANIA,track,2020,121270,0,3
Stay a While Longer - Original Mix,Peter Pearson,peter pearson,Winter Spirits: Chillout Your Mind,track,2020,147000,0,3
Late Nights,Zedman,zedman,Imperfect,track,2020,185835,0,3
Es Cavalett - Original Mix,Eivissarts,eivissarts,Chillout Your Mind Vol.1 (Ultimate Chillout Collection),track,2020,345165,0,3
Go There - Original Mix,Ganga,ganga,"Lounge Time, Vol. 1",track,2020,252956,0,3
Feel It - Fat V Playa Rmx,Marga Sol,marga sol,Urban Soulful Grooves Vol.1: Urban Vibes for Urban People,track,2020,288000,0,3
Count on You,Zedman,zedman,An Emotional Turmoil in the City,track,2020,166478,0,3
Into the Ether,Lazy Hammock,lazy hammock,Late Night Chill 2,track,2020,399626,0,3
Beautiful,Shannon & Keast,shannon keast,R&B Acoustic,track,2020,236436,0,3
Dimanche Matin - Original Mix,Weathertunes,weathertunes,"Sensual Spa Lounge, Vol. 11",track,2020,277910,0,3
interlude,Kaxi,kaxi,Dynamic Love,track,2020,71957,0,3
Immersion,Eskadet,eskadet,"Lettres d'amour (Smooth Chill Out Grooves), Vol. 4",track,2020,464699,0,3
Everytime You Go Away,KoolSax,koolsax,Sweet Formentera (Balearic Flavored Lounge Cookies),track,2020,353725,0,3
Mystic Traveller,Ingo Herrmann,ingo herrmann,"Mystery Land, Vol. 1",track,2020,132519,0,3
Live Love Life,Worldtraveller,worldtraveller,"A Good Day, Vol. 3 (This Fantastic Selection Of Calm Beats Escort You Through The Day)",track,2020,268411,0,3
Missing You,AINT,aint,Missing You,track,2020,148983,0,3
Garden - Original Mix,Faro,faro,"Sensual Mood Lounge, Vol. 18",track,2020,411666,0,3
Heaven,Five Seasons,five seasons,"Chill Out Boutique, Vol. 3",track,2020,291904,0,3
Easier - Original Mix,Gary B,gary b,Traveling Lounge: Chillout Your Mind,track,2020,266000,0,3
Floating,Ingo Herrmann,ingo herrmann,"Deep Breathing (Beautiful Music For Your Soul), Vol. 4",track,2020,141538,0,3
Under the Moonlight,Clelia Felix,clelia felix,"Sunset Emotions, Vol. 2",track,2020,276480,0,3
Young Hearts Run Free,Shannon & Keast,shannon keast,Acoustic R&B Chill Music: 18 Smooth and Chilled Tracks,track,2020,286498,0,3
Bosporus,Jasmon,jasmon,"Beautiful Chill Out Collection, Vol. 1",track,2020,266893,0,3
E-Suite - Original Mix,Jens Buchert,jens buchert,"Sunset Meditation - Relaxing Chill out Music, Vol. 14",track,2020,305125,0,3
So Tell Me - Odyssee Mix,Artenovum,artenovum,"Balearic Café, Vol. 4 (Ibiza Chill out & Lounge Tracks to Relax)",track,2020,394200,0,3
Rising Like the Sun - Edit,Steen Thottrup,steen thottrup,"Sound Source (Musica Electronica), Vol. 4",track,2020,206762,0,3
A Picture of You - Remastered,Steen Thottrup,steen thottrup,"Drinks at Sunset, Vol. 3",track,2020,326736,0,3
Vanilla Sky - Original Mix,Marga Sol,marga sol,"Chill out Box, Vol. 4",track,2020,411457,0,3
Habitatmodul - Original Mix,Jens Buchert,jens buchert,"Lovely Mood Lounge, Vol. 27",track,2020,278490,0,3
Golden Sunrise - Original Mix,Marga Sol,marga sol,Machu Picchu Orange: World Chillout Music,track,2020,293333,0,3
Abracadabra - Bes & Meret Remix,Roberto Sol,roberto sol,"In House We Trust, Vol. 2",track,2020,296522,0,3
Because I Miss You - Houie D. Remix,Marie Therese,marie therese,Distant Mountains Lounge: Chillout Your Mind,track,2020,290190,0,3
The Breath of Ganges - Original Mix,Mirage Of Deep,mirage of deep,"Design & Lifestyle Lounge, Vol. 2",track,2020,441493,0,3
Serendipity - Loocalooma & Seven24 Remix,Gary B,gary b,"Comfortable Home Lounge, Vol.1",track,2020,333823,0,3
Loco-El Virgen de la Macarena - Dub Cumbia,Loving Paris,loving paris,Loco - El Virgen de la Macarena (Latest Remixes),track,2020,373203,0,3
Beautiful - Original Mix,Triangle Sun,triangle sun,Joyful Lounge (Chillout Your Mind),track,2020,283000,0,3
Transcendence - Original Mix,Jens Buchert,jens buchert,"Spiritual Spa, Vol. 6",track,2020,304586,0,3
A La Luna,Florzinho,florzinho,Black Coffee Lounge: Chillout Your Mind,track,2020,474666,0,3
Penelope,4 Wings,4 wings,Moka Beach Essential,track,2020,372493,0,3
Ocean Breeze - Original Mix,Clelia Felix,clelia felix,Beautiful Morning Lounge (Chillout Your Mind),track,2020,178000,0,3
Forgotten Places,Velvet Dreamer,velvet dreamer,"Waving Clouds (Beautiful Tunes), Vol. 4",track,2020,336879,0,3
Back Again,Zedman,zedman,Back Again,track,2020,164640,0,3
Es Cavalett,Eivissarts,eivissarts,Deep Voyage Lounge: Chillout Your Mind,track,2020,345165,0,3
From a Friend - Original Mix,Five Seasons,five seasons,"Sensual Spa Lounge, Vol. 14",track,2020,250000,0,3
Vinile - Urejena Različica,Gold Lounge,gold lounge,"The Sound Chill Experience, Vol. 1 (Use Headphones 8D Audio)",track,2020,148390,0,3
Ibiza Winter Café,DJ Lounge Del Mar,dj lounge del mar,Xmas Beach Chill (Smooth Lounge Tunes For Christmas Winter Time),track,2020,273880,0,3
La jolie - Original Mix,Weathertunes,weathertunes,"Lakeside Chill Sounds, Vol. 20",track,2020,294221,0,3
Ocean of Secrets - Remastered,Schwarz & Funk,schwarz funk,"Urban City Vibes 6: Urban Funk, Soul & Chillout Music",track,2020,361947,0,3
Hallou - Original Mix,Jens Buchert,jens buchert,"Mykonos Sunset Session, Vol. 6",track,2020,247461,0,3
Missing U (A Tribute to the Sun) - Original Mix,Steen Thottrup,steen thottrup,Ibiza Winter Session 2021 (The Island Chill out Pearls),track,2020,309865,0,3
Be Mine,Marga Sol,marga sol,Electro Lounge Dinner Party,track,2020,304000,0,3
Dusk,Pier-O,pier o,"Tech Freak, Vol. 4 (Hit Me With That Bass Line)",track,2020,370714,0,3
Pai Mu Tan,Sunyata Project,sunyata project,"Supreme Relax, Vol. 6",track,2020,306189,0,3
The Water Is Wide,Shannon & Keast,shannon keast,Happy Acoustic Folk,track,2020,252147,0,3
Elements - Size Mix,Loungeside,loungeside,Elements (Size Mix),track,2020,354000,0,3
Tao Tunes,Sami Sivananda,sami sivananda,"Royally Relaxing, Vol. 7",track,2020,371909,0,3
What I Long For,Marga Sol,marga sol,"Deep Blue Sea Vol.4, Deep Chill Mood",track,2020,324210,0,3
Bliss of Water,Marga Sol,marga sol,"Let It Snow, Vol. 1 (Enjoy The First Snowflakes With This Wonderful Selection Of Smooth Electronic Music)",track,2020,360000,0,3
Dreamgirl - Original Mix,Jens Buchert,jens buchert,"Fireplace Chill, Vol. 5",track,2020,240600,0,3
Norito Bar - Chandini Mix,Yantra Mantra,yantra mantra,Stay Chilled 2,track,2020,282666,0,3
Like the First Moment - Original Mix,Florzinho,florzinho,"Sensual Mood Lounge, Vol. 18",track,2020,332608,0,3
Down in Jaipur - Original Mix,Mathieu & Florzinho,mathieu florzinho,"Lovely Mood Lounge, Vol. 30",track,2020,317373,0,3
Anis Nous Explique - Original Mix,Weathertunes,weathertunes,"Lovely Mood Lounge, Vol. 27",track,2020,331840,0,3
People Love - Original Mix,Weathertunes,weathertunes,"Sensual Mood Lounge, Vol. 22",track,2020,287416,0,3
Shinrinyoku,James Bright,james bright,Betamax,track,2020,377685,0,3
What We Had - Sunset Mix,Marga Sol,marga sol,"Purple Lounge, Vol. 1",track,2020,299405,0,3
Dream On,Peter Pearson,peter pearson,Chillout Dreams,track,2020,271601,0,3
holy.night,no.notnow,no notnow,christmas with friends,track,2020,136000,0,3
Gotta Go,Zedman,zedman,Imperfect,track,2020,206210,0,3
Aquanaut - Original Mix,Jens Buchert,jens buchert,"Sunset Meditation - Relaxing Chill out Music, Vol. 14",track,2020,279369,0,3
Champs De Lavande - Original Mix,Weathertunes,weathertunes,"Design & Lifestyle Lounge, Vol. 1",track,2020,226470,0,3
Cosmos,James Bright,james bright,The Zooniverse,track,2020,344560,0,3
38 Degrees - Original Mix,Jens Buchert,jens buchert,"Lovely Mood Lounge, Vol. 30",track,2020,240579,0,3
Surfing,Zedman,zedman,Imperfect,track,2020,240039,0,3
Wade in the Water,Shannon & Keast,shannon keast,Happy Acoustic Folk,track,2020,190877,0,3
Inner Peace - Original Mix,Sami Sivananda,sami sivananda,Breathe & Relax Lounge: Chillout Your Mind,track,2020,264000,0,3
You Are,Steen Thottrup,steen thottrup,"Chill Out Whisper, Vol. 3",track,2020,175848,0,3
Here - Original Mix,Placid Larry,placid larry,"Neverending Days, Vol. 13",track,2020,226017,0,3
Peace Bitch,Zedman,zedman,An Emotional Turmoil in the City,track,2020,13090,0,3
About You,vict molina,vict molina,???,track,2020,215688,0,3
Sex Is the Place - Original Mix,Weathertunes,weathertunes,"Neverending Days, Vol. 13",track,2020,249600,0,3
River People,Gary B,gary b,Southbeat Pres: Coffee Morning Chill Selection,track,2020,242668,0,3
Moments Like This,Florito,florito,"Like A Summer Day, Vol. 1",track,2020,336782,0,3
The Walz,Argun North,argun north,The Walz,track,2020,174000,0,3
Parazit,Niz,niz,Parazit,track,2020,138912,0,3
Jazzloop C,Pigeondust,pigeondust,Way Back When,track,2020,28592,0,3
Fritz the Cat - Original Mix,Lemongrass,lemongrass,"Coffee Bar Lounge, Vol. 19",track,2020,254893,0,3
A Slow Blues in a Noisy World,Ulli Boegershausen,ulli boegershausen,A Slow Blues in a Noisy World,track,2020,178065,0,3
I Don't Love You No More - Elad Navon & Niv Aroya Club Mix,Carlos Campos,carlos campos,6 Years of Queen House Music,track,2020,382734,0,3
Ace of,Zedman,zedman,Imperfect,track,2020,194899,0,3
Meet Dawn,Fred Hyas,fred hyas,Strata Vol. 040,track,2020,293600,0,3
Moments Like This - Original Mix,Florito,florito,"Night Glow Deep (Deep-House Collection), Vol. 3",track,2020,336782,0,3
Falling,Marga Sol,marga sol,"Hidden Bar Grooves, Vol. 3 (Beautiful Loungy Tracks For A Long Drinking Night)",track,2020,389647,0,3
Bitter Symphonie - Original Mix,Johannes Huppertz,johannes huppertz,Winter Spirits: Chillout Your Mind,track,2020,275409,0,3
Devil's Lot,Kyroshie,kyroshie,Devil's Lot,track,2020,189600,0,3
try again,austin fox 狐,austin fox,ESCAPE FROM TELEVANIA,track,2020,114056,0,3
The Ocean,Marga Sol,marga sol,Ambient Chill Out Music Playlist,track,2020,312333,0,3
Pai Mu Tan - Spa Mix,Florito,florito,"Beautiful Hearts (Electronic Chill out Beats), Vol. 3",track,2020,306189,0,3
World Is Burning,Zedman,zedman,Imperfect,track,2020,220473,0,3
Around Me - Deep Chill RMX,Marga Sol,marga sol,Sunset Surfing Lounge: Chillout Your Mind,track,2020,264388,0,3
Loveflow - Bés & Meret Beachhouse Mix,Roberto Sol,roberto sol,"Night Glow Deep (Deep-House Collection), Vol. 2",track,2020,367619,0,3
Forgotten Places - Original Mix,Velvet Dreamer,velvet dreamer,"Follow the Light (Beautiful Chill out Tunes), Vol. 4",track,2021,336879,0,3
El Corazon,Digby Jones,digby jones,City Cafe: Urban Chillout Music,track,2021,224628,0,3
Kalevora,Pep Llado,pep llado,Summer Chill: Chillout Your Mind,track,2021,329012,0,3
Loveflow - Florito Mix,Roberto Sol,roberto sol,Sky Bar Deep-House Collection,track,2021,291661,0,3
Around Me,Marga Sol,marga sol,Café Chillout,track,2021,264388,0,3
past max state,Kyroshie,kyroshie,past max state,track,2021,214795,0,3
YOURSELF! (OUTRO),bluemason,bluemason,<3,track,2021,83220,0,3
Desedena - Instrumental Mix,Marga Sol,marga sol,"Tea Essentials, Vol. 1 (Fill Up Your Tea Cup And Enjoy Relaxing Moments)",track,2021,268945,0,3
Don’t You Worry Child,Shannon & Keast,shannon keast,#Acoustic,track,2021,205502,0,3
Silent Day,Marga Sol,marga sol,Dreamscape Lounge: The Astral Chill Mix,track,2021,260062,0,3
Together,Swordbearer,swordbearer,Peace Be With You,track,2021,87485,0,3
Boréales - Original Mix,Eskadet,eskadet,"Follow the Light (Beautiful Chill out Tunes), Vol. 4",track,2021,417480,0,3
Sunset People - Original Mix,Steen Thottrup,steen thottrup,Watching the Sunset: Chillout Your Mind,track,2021,279040,0,3
Sunset Reflections - Original Mix,Eivissarts,eivissarts,Quiet Day: Chillout Your Mind,track,2021,391060,0,3
Mystic River - Original Mix,Weathertunes,weathertunes,Lovely Winter Chill #3,track,2021,318302,0,3
Sweet Secrets - Original Mix,Five Seasons,five seasons,Lakeside Chill Sounds - Autumn,track,2021,289494,0,3
A la Luna - Euphonic Traveller Remix,Florzinho,florzinho,"Chillaxing Time, Vol. 8",track,2021,474666,0,3
Rainbows in the Sky,Peter Pearson,peter pearson,"Maledives Beach Bar, Vol. 3 (Sit Back And Relax With These Wonderful Lounge Pearls)",track,2021,349090,0,3
Repeating My Past - Original Mix,Steen Thottrup,steen thottrup,"Electronic Late Night Cafe, Vol. 3",track,2021,227370,0,3
Esta Noche - Leo de la Rosa Sensual Mix,Marga Sol,marga sol,Morning Relaxation: Chillout Your Mind,track,2021,350034,0,3
In the Palm of Your Hand - Original Mix,Steen Thottrup,steen thottrup,Chillout Retreat: Chillout Your Mind,track,2021,225227,0,3
Another Galaxy - Extended Version,Loungeside,loungeside,"Lounge on Earth, Vol. 3",track,2021,353454,0,3
Lotus Yoga - Original Mix,Sami Sivananda,sami sivananda,"Slow Sunset (Amazing Chill out Anthems), Vol. 3",track,2021,261789,0,3
Novel - Lemongrass Remix,Jane Maximova,jane maximova,Sea and Waves Lounge: Chillout Your Mind,track,2021,248275,0,3
Beautiful Sunset,Jean Mare,jean mare,"Soundbar Deluxe Chill Lounge, Vol. 7",track,2021,255500,0,3
Take a Rest,Don Gorda Project,don gorda project,"Sophisticated Lounge Vibes, Vol. 4",track,2021,315000,0,3
The Sun Goes Down - Original Mix,The Diventa Project,the diventa project,"Sunrise Meditation, Vol. 7",track,2021,213751,0,3
What We Had,Marga Sol,marga sol,Sunday Morning Chillout Music,track,2021,324542,0,3
The Journey - Original Mix,Lazy Hammock,lazy hammock,"Sweet Morning (Chill out and Lounge Collection), Vol. 3",track,2021,348369,0,3
Novel - Original Mix,Jane Maximova,jane maximova,"This Is My Church, Vol. 8 (The Lounge Edition)",track,2021,248768,0,3
Wonderful - DreamersInc & ThroDef Deep Remix,Nacho Sotomayor,nacho sotomayor,"Deep-House Aloha, Vol. 3 (20 Summer Smoothies)",track,2021,416965,0,3
Why Not - Original Mix,Eskadet,eskadet,"Carpe Diem Lounge, Vol. 2",track,2021,300413,0,3
Autumn - Dj Malte Of Real XS Mexican Club Mix,Ganga,ganga,"Deep-House Special, Vol. 1",track,2021,561319,0,3
The Wind - Original Mix,Ganga,ganga,"Special Lounge Edition, Vol. 2",track,2021,281910,0,3
Soulheaven - Balearic Mix,Marga Sol,marga sol,Summer Chill: Chillout Your Mind,track,2021,350000,0,3
Vespre,Pep Llado,pep llado,"Musica Del Sol, Vol. 7",track,2021,338546,0,3
Silent Space,Peter Pearson,peter pearson,"Coffee to Go, Vol. 1 (Finest In Chilled And Calm Downbeat Tunes)",track,2021,232835,0,3
Lovely Evening,Marga Sol,marga sol,Totally Chill out!,track,2021,229598,0,3
Novel,Jane Maximova,jane maximova,"Chase The Sunset (Lounge And Chill Out Collection), Vol. 4",track,2021,248768,0,3
You Are - Original Mix,Steen Thottrup,steen thottrup,Lavender in Summer: Chillout Your Mind,track,2021,175908,0,3
outro,Kingayeo,kingayeo,ARMOR KING (DELUXE),track,2021,25196,0,3
Being You,Steen Thottrup,steen thottrup,"Chilling On Purple Clouds, Vol. 2",track,2021,262971,0,3
Free Fallin’,Shannon & Keast,shannon keast,#Acoustic,track,2021,257659,0,3
Secrets - Original Mix,Ganga,ganga,"Sweet Morning (Chill out and Lounge Collection), Vol. 2",track,2021,307097,0,3
Inner Worlds,Marga Sol,marga sol,Peru Orange: Urban Chillout Music,track,2021,343043,0,3
Every Cloud,Peter Pearson,peter pearson,"Modern Coffee Lounge, Vol. 1 (Relaxing Coffee Shop Music)",track,2021,310400,0,3
Deehop,351 Lake Shore Drive,351 lake shore drive,"Downtempo Lounge & Chillwave, Vol. 4",track,2021,731639,0,3
Heaven - Original Mix,Five Seasons,five seasons,"Sweet Morning (Chill out and Lounge Collection), Vol. 1",track,2021,291904,0,3
No Fate,Ingo Herrmann,ingo herrmann,"Suspense and Heartbeat, Vol. 3",track,2021,160657,0,3
Sunset,Coral Chiller,coral chiller,Souls,track,2021,151177,0,3
VENOM,The Nait Sirk,the nait sirk,SMOKE!,track,2021,151500,0,3
My Shadow,Soulavenue,soulavenue,"Golden Sun Lounge, Vol. 2",track,2021,280058,0,3
Chair - Original Mix,Ganga,ganga,"In Love with Lounge, Vol. 4",track,2021,253986,0,3
Starlit Sky - Original Mix,Jasmon,jasmon,"Spiritual Spa, Vol. 2",track,2021,233213,0,3
Temple Tunes - Original Mix,Sami Sivananda,sami sivananda,"Future Spring (Beautiful Lounge and Chill out Anthems), Vol. 4",track,2021,405714,0,3
Fluffy Time - Original Mix,Jens Buchert,jens buchert,"Cosy Winter Sounds, Vol. 6",track,2021,244831,0,3
Rise with You - Original Mix,Lazy Hammock,lazy hammock,"Sensual Mood Lounge, Vol. 23",track,2021,259000,0,3
Cala Contigo - Original Mix,Steen Thottrup,steen thottrup,"Electronic Clouds, Vol. 4",track,2021,289678,0,3
Paine - Audiotree Live Version,Glded,glded,Glded on Audiotree Live,track,2021,288948,0,3
Mysterious Girl - Original Mix,Project Blue Sun,project blue sun,Istanbul Orange: Urban Chillout Music,track,2021,314238,0,3
Passion,Faro,faro,"Tokyo Chillout, Vol. 6",track,2021,336080,0,3
Rising Like the Sun - Mayback Remix,Steen Thottrup,steen thottrup,"Beyond the Secret Door (Luxury Lounge Collection), Vol. 1",track,2021,429818,0,3
Calma,Marga Sol,marga sol,Visions of Silence: Chillout Your Mind,track,2021,328421,0,3
Wei Fung Chi,Lemongrass,lemongrass,Breaking The Ice Edition 2,track,2021,200160,0,3
More 2 It,Lil Aone,lil aone,More 2 It,track,2021,164153,0,3
Staring at the Stars - Original Mix,Euphonic Traveller,euphonic traveller,Nice Orange: Urban Chillout Music,track,2021,238453,0,3
Could Be - Audiotree Live Version,Glded,glded,Glded on Audiotree Live,track,2021,211274,0,3
Con sentimento,Mats Bergström,mats bergstrom,Con sentimento,track,2021,217840,0,3
To You - Original Mix,Steen Thottrup,steen thottrup,"Chillout Orange, Vol. 5: Relaxing Chillout Vibes",track,2021,301270,0,3
Ritorno a casa,Agricantus,agricantus,Beffe della vita e della morte,track,2021,85280,0,3
Chilled to the Heart - Original Mix,Peter Pearson,peter pearson,"Lounge Theme (Sofa Grooves), Vol. 2",track,2021,273846,0,3
Trishna,Yantra Mantra,yantra mantra,Soft Grooves,track,2021,305786,0,3
Vem Conmigo - Original Mix,Florzinho,florzinho,"Chillaxing Time, Vol. 8",track,2021,316000,0,3
Wonderful - Marga Sol Chill Rmx,Nacho Sotomayor,nacho sotomayor,"Smooth Coffee Beats, Vol. 2 (Finest in Smooth Electronic Lounge & Downbeat Music)",track,2021,411737,0,3
Summer Solstice,Cardinal Zen,cardinal zen,Summer Loungerie 2021 (A Selection of Summer Chill out Flavour),track,2021,288342,0,3
Je T aime - Sensual Mix,Marga Sol,marga sol,"Daystarter, Vol. 1 (Enjoy This Wonderful Selection Of Calming Lounge Tunes)",track,2021,314910,0,3
Departures,Erick Di,erick di,Departures,track,2021,182109,0,3
Compassion - Original Mix,Steen Thottrup,steen thottrup,"Electronic Lounge Collection, Vol. 2",track,2021,231442,0,3
Wondering,Zedman,zedman,Wondering Who I Am,track,2021,210096,0,3
Bedouins Tale,Marga Sol,marga sol,Melodica 2021,track,2021,330756,0,3
Tasmanian Hills - Mixed,Gold Lounge,gold lounge,Music for Spacewalks 01 (Mixed),track,2021,379596,0,3
El Alba,Steen Thottrup,steen thottrup,BALEARIC Lounge & Chill Out Classics (The White Isle Edition),track,2021,342186,0,3
Deep in the Night,Roberto Sol,roberto sol,"Smooth Coffee Beats, Vol. 2 (Finest in Smooth Electronic Lounge & Downbeat Music)",track,2021,239569,0,3
Hey Laura,Shannon & Keast,shannon keast,Pop and Jazz,track,2021,218121,0,3
Doronto,Pep Llado,pep llado,My Favorite Bar: Chillout Your Mind,track,2021,285231,0,3
Make It Out,GlizzyGang$$,glizzygang,Make It Out,track,2021,84767,0,3
Loveflow - B,Roberto Sol,roberto sol,"Deep-House Gang, Vol. 2",track,2021,367619,0,3
Carousel,Chris Mercer,chris mercer,100% Chill,track,2021,149601,0,3
Bandida,NATH,nath,"Panal Records - V.A. (6º Aniversary), Vol. 2",track,2021,142257,0,3
The Lights,Steen Thottrup,steen thottrup,"Chilling On Purple Clouds, Vol. 3",track,2021,217380,0,3
Balearic Bliss - Original Mix,Steen Thottrup,steen thottrup,Secret Room: Chillout Your Mind,track,2021,357067,0,3
skit - its a NEW DAY,gb,gb,24/7,track,2021,25962,0,3
Bedroom ficition -One Night STAND Live-,DENYENTOSHI,denyentoshi,DENYENTOSHI -One Night STAND Live-,track,2021,176680,0,3
Natural High - Original Mix,Weathertunes,weathertunes,Christmas Chill: Paris,track,2021,252062,0,3
Close to My Heart,Peter Pearson,peter pearson,"Peaceful Sunset, Vol. 4 (Enjoy A Moment Of Pure Calmness)",track,2021,356000,0,3
Gimme Love Again - Sunset Beach Lounge Love Mix,Melounge,melounge,"Sexy Lounge Beats, Vol.2 (Smooth Chillout Vibes For Moments In Love)",track,2021,254160,0,3
Padmasundari - Original Mix,Soulavenue,soulavenue,Lotus Love: Chillout Your Mind,track,2021,356000,0,3
Cove,Coral Chiller,coral chiller,Observe,track,2021,123664,0,3
Heartbreaker - Zero Cult Remix,Lemongrass,lemongrass,"Chillax (Smooth Chill-Out Sounds For Pure Relaxing), Vol. 1",track,2021,272013,0,3
Yogi Chill - Original Mix,Sami Sivananda,sami sivananda,City Lights: Urban Chillout Vibes,track,2021,222000,0,3
Alma del mundo,Mystic Diversions,mystic diversions,Salsa & The City,track,2021,321175,0,3
White Caps - Sylt Mix,Stargazer,stargazer,Lovely Winter Chill #3,track,2021,246596,0,3
Let Me Drive - Original Mix,Five Seasons,five seasons,"Musica Del Sol, Vol. 7",track,2021,285466,0,3
Matterhorn - Original Mix,Michael E,michael e,The Essential Downtempo: Chillout Your Mind,track,2021,244800,0,3
Wavin' Hifi,Beatkonexion,beatkonexion,"Downtempo Lounge & Chillwave, Vol. 2",track,2021,231988,0,3
Hey There Delilah,Shannon & Keast,shannon keast,#Acoustic,track,2021,261665,0,3
Influx,Ingo Herrmann,ingo herrmann,"Suspense and Heartbeat, Vol. 3",track,2021,130666,0,3
Vanished and Gone - Beach House Mix,Schwarz & Funk,schwarz funk,Just Chill Out,track,2021,326166,0,3
White Caps - Original Mix,Stargazer,stargazer,Carpe Diem Lounge,track,2021,246596,0,3
Thrill Kill,Ingo Herrmann,ingo herrmann,"Suspense and Heartbeat, Vol. 3",track,2021,163056,0,3
Sunshine Cafe,Five Seasons,five seasons,"Luxury Lounge (Special Selected Anthems), Vol. 3",track,2021,242506,0,3
Finding Neverland,Weathertunes,weathertunes,"Sophisticated Lounge Vibes, Vol. 4",track,2021,271718,0,3
Circulatory,Argun North,argun north,Circulatory,track,2021,191319,0,3
Chilled To The Heart,Peter Pearson,peter pearson,"Chill Out Nation, Vol. 1",track,2021,273846,0,3
Dreamwaves,Peter Pearson,peter pearson,"Nights Of Lounge And Jazz, Vol. 2",track,2021,324000,0,3
Threnody,Swordbearer,swordbearer,Peace Be With You,track,2021,63083,0,3
Over The Mountain,Melounge,melounge,"Chill Out Moments, Vol. 2 (Winter Edition)",track,2021,425453,0,3
grind,illmore,illmore,piece,track,2021,104250,0,3
Alfred Nobel In Memoriam,Mats Bergström,mats bergstrom,Alfred Nobel In Memoriam,track,2021,191281,0,3
aged terracotta,austin fox 狐,austin fox,Ranger396v,track,2021,161796,0,3
Aloha,Lemongrass,lemongrass,"The World Series of Chill Out, Vol. 4",track,2021,249866,0,3
Je T'aime - Sensual Mix,Marga Sol,marga sol,Undiscovered Places: Urban Chillout Vibes,track,2021,314910,0,3
My Love - Original Mix,Weathertunes,weathertunes,"Cosy Winter Sounds, Vol. 5",track,2021,298222,0,3
Dreamwater - Original Mix,Jens Buchert,jens buchert,"Winter Relaxation, Vol. 4",track,2021,228080,0,3
From the Sky - Original Mix,Weathertunes,weathertunes,"Cosy Winter Sounds, Vol. 5",track,2021,369071,0,3
Bliss of Water - Original Mix,Marga Sol,marga sol,Chillout Retreat: Chillout Your Mind,track,2021,360000,0,3
Save a Little Prayer - Original Mix,Steen Thottrup,steen thottrup,Models Lounge (You'll Be Falling in Love),track,2021,397880,0,3
Love Surprise - Instrumental Version,Marga Sol,marga sol,Montreal Orange: Chillout Urban Music,track,2021,242868,0,3
Poison & Passion,Marga Sol,marga sol,Totally Chill out!,track,2021,282712,0,3
Something to Say - Edit,Steen Thottrup,steen thottrup,"Slow Sunset, Vol. 1 (Amazing Chill out Anthems)",track,2021,192037,0,3
Dreams (The W Song) - Edit,Steen Thottrup,steen thottrup,"Slow Sunset (Amazing Chill out Anthems), Vol. 2",track,2021,206951,0,3
Jade - Original Mix,Eskadet,eskadet,"Sensual Spa Lounge, Vol. 18",track,2021,445074,0,3
Beat of the Old Bazar - Original Mix,Marga Sol,marga sol,Istanbul Orange: Urban Chillout Music,track,2021,203000,0,3
Omnia,Marga Sol,marga sol,Melodica 2021,track,2021,400695,0,3
Cubic Waves,351 Lake Shore Drive,351 lake shore drive,"The World Series of Lounge, Vol. 3",track,2021,266500,0,3
Something to Say - Remastered,Steen Thottrup,steen thottrup,"Electronic Lounge Collection, Vol. 1",track,2021,258670,0,3
SMOKE!,The Nait Sirk,the nait sirk,SMOKE!,track,2021,107500,0,3
Black Leather Girl - Pure Post Remix,Outsized,outsized,Black Leather Girl,track,2021,227500,0,3
Keep Watching the Stars,Clelia Felix,clelia felix,Bahamas Orange: Relaxing Chillout Music,track,2021,257493,0,3
Beat of the Old Bazar,Marga Sol,marga sol,Spring Break Chill Out Music,track,2021,203000,0,3
Red Lanterns - Original Mix,Jasmon,jasmon,"Chillaxing Time, Vol. 10",track,2021,264599,0,3
It Feels Like Summer,Gary B,gary b,Calming Sea: Chillout Your Mind,track,2021,234172,0,3
Fleeting Moments - Original Mix,Five Seasons,five seasons,Sunburst at Benirras (40 Summer Lounge Grooves),track,2021,270208,0,3
Un Sol Para Todos,Lenny Ibizarre,lenny ibizarre,BALEARIC Lounge & Chill Out Classics (The White Isle Edition),track,2021,251088,0,3
Bio Diversity,Coral Chiller,coral chiller,Ambient Stories Of The Desert (Extended Version),track,2021,302056,0,3
Luna,Ganga,ganga,"Chill Out Stars, Vol. 3",track,2021,370253,0,3
INTRO,bluemason,bluemason,on a limb,track,2021,36226,0,3
Olas De Sal,Zuell,zuell,Lounge & Chillout Classics,track,2022,378786,0,3
The Final,Marc Hartman,marc hartman,"Winter Sun (Chill Out Edition), Vol. 1",track,2022,214831,0,3
Rhythm of the World,Gold Lounge,gold lounge,New Years Eve Jazz Vibes,track,2022,199721,0,3
Night Sky,Pier-O,pier o,Winter Chill: Urban Chillout Music,track,2022,342947,0,3
Cinque Terre,Mauricio Galbardi,mauricio galbardi,Guitar Mood - Sleep,track,2022,232786,0,3
Here And Now,Channing Spence,channing spence,Here And Now,track,2022,226153,0,3
Alvin's song,Domain Brown,domain brown,well thought-out overthinkings,track,2022,50418,0,3
Natural State,Fredrik Johansson,fredrik johansson,Relaxing Guitar,track,2022,144323,0,3
Magic Nights,Peter Pearson,peter pearson,"Smooth Cups, Vol. 1 (Looking For The Perfect Coffee, Tea and Cocktail Compilation?)",track,2022,310769,0,3
Serenade for Strings,Auguste Henrique,auguste henrique,Guitar Mood - Sleep,track,2022,133521,0,3
NYTE!,bluemason,bluemason,BOXES,track,2022,167375,0,3
Place for the Heart,Aurélien Trigo,aurelien trigo,The Acoustic Mind Vol.5,track,2022,153452,0,3
BOXES,bluemason,bluemason,BOXES,track,2022,137160,0,3
Wannabe,Unwanted Us,unwanted us,Get Lucky - Cozy Covers,track,2022,153373,0,3
Light,Ganga,ganga,Balearic Deep-House Winter 2023,track,2022,319083,0,3
Harversting,Minos Gold,minos gold,Guitar Mood - Sleep,track,2022,135688,0,3
My Quiet Time - Instrumental,Olga Chung,olga chung,Dark Love (Instrumental),track,2022,190448,0,3
Release Me - Original Mix,Steen Thottrup,steen thottrup,"Beautiful Lounge Sessions, Vol. 3",track,2022,233197,0,3
Shangri-La,Schwarz & Funk,schwarz funk,"Endless Summer Chillout, Vol. 2",track,2022,369480,0,3
Deep Horizon,Marga Sol,marga sol,"Perfect Vibes, Vol. 4 (Selection Of Finest Lounge & Chill Out Tunes)",track,2022,475880,0,3
Sunrise at the Well - Original Mix,Yantra Mantra,yantra mantra,"Sunset Meditation - Relaxing Chillout Music, Vol. 23",track,2022,272166,0,3
Autumn - DJ Malte Of Real XS Mexican Club Mix,Ganga,ganga,"Deep-House Atmosphere, Vol. 2",track,2022,561319,0,3
Today Is the Day Bumper,Johannes Huppertz,johannes huppertz,For the Background,track,2022,18808,0,3
Don't U Know?,des hume,des hume,Bub,track,2022,145454,0,3
A Lovely Day,Ingo Herrmann,ingo herrmann,Shortcuts + Trailers,track,2022,20726,0,3
Dreamy Elves,Johannes Huppertz,johannes huppertz,Sleep Well Little Child,track,2022,77688,0,3
winter's end,no.notnow,no notnow,spring: in colour,track,2022,106285,0,3
Sweet Morning - Maya Mix,Ganga,ganga,"Life is Sweet (Lounge & Cookies), Vol. 2",track,2022,336842,0,3
frm.december2,Kamii,kamii,blk.Kamii,track,2022,21492,0,3
she likes jazz and i like winter,lo-1,lo 1,she likes jazz and i like winter,track,2022,29333,0,3
Afraid to Fall - Original Mix,Gary B,gary b,"Distant Places Lounge, Vol. 1: Chillout Your Mind",track,2022,293637,0,3
Moon Light (Mediterranean Roots),Mirage Of Deep,mirage of deep,Balearic Lounge Winter 2023,track,2022,466364,0,3
I Feel You - mix2,Gary B,gary b,Private and Confidential - FORBIDDEN Moments,track,2022,125664,0,3
Oh You,Five Seasons,five seasons,"Chill Out Lovers, Vol. 2",track,2022,264071,0,3
For Hayley - Original Mix,Michael E,michael e,"Urban Orange Music, Vol. 8: Downtempo Experience",track,2022,276705,0,3
Kisses & Flirts - Original Mix,Steen Thottrup,steen thottrup,"Beautiful Lounge Sessions, Vol. 1",track,2022,232411,0,3
Pure Morning,Pier-O,pier o,"Chilled Holidays, Vol. 3 (Enjoy Your Holidays And Relax To These Well Selected Lounge Tunes)",track,2022,336000,0,3
Never Ending Story,The Mistrals,the mistrals,Get Lucky - Cozy Covers,track,2022,144904,0,3
Into The Ether,Lazy Hammock,lazy hammock,Lounge Chillout Music Mix 2022,track,2022,399626,0,3
Gymnopedie,Richard Mollenbeck,richard mollenbeck,Guitar Mood - Sleep,track,2022,217877,0,3
La Plage,Eskadet,eskadet,Private and Confidential - SECRET Moments,track,2022,390283,0,3
Summertime,Steen Thottrup,steen thottrup,"Beautiful Weekend (The Sunday Lounge Selection), Vol. 1",track,2022,292199,0,3
Serenity - Original Mix,Steen Thottrup,steen thottrup,"The Essential Downtempo, Vol. 2: Chillout Your Mind",track,2022,299102,0,3
Shores,Steen Thottrup,steen thottrup,"Chill Out Lovers, Vol. 4",track,2022,282529,0,3
Blessed - Original Mix,Ganga,ganga,"Lounge La Nuit, Vol. 1",track,2022,287563,0,3
tv screen,lo-1,lo 1,dusty drafts,track,2022,25945,0,3
Living On The Moon,Ganga,ganga,"Floating Vibes (Lounge Deluxe), Vol. 3",track,2022,253770,0,3
Hi-Fi Love,Ganga,ganga,"Moonlight Lounge (Mediterranean Roots), Vol. 4",track,2022,394613,0,3
Vinile - Urejena različica,Gold Lounge,gold lounge,"Monday Feelings, Vol. 3 (Chill & Lounge Music Collection)",track,2022,148390,0,3
Westworld - Cinematic Version,Loungeside,loungeside,Magic of Meditation,track,2022,271826,0,3
Rising Like The Sun - Remastered,Steen Thottrup,steen thottrup,"Floating Vibes (Lounge Deluxe), Vol. 4",track,2022,353463,0,3
Temple of Desire - Original Mix,Eskadet,eskadet,"Chill out Stories, Vol. 2",track,2022,375980,0,3
Follow the Brightest Star - Original Mix,Marc Hartman,marc hartman,Rlx #40 - The Chill out Collection,track,2022,288982,0,3
Life,Olga Chung,olga chung,Life,track,2022,319677,0,3
I Feel,Steen Thottrup,steen thottrup,"Calm Morning, Vol. 2 (Smooth And Relaxing Down Beat Sound To Start Your Day Right)",track,2022,290728,0,3
Green World,Lemongrass,lemongrass,"The Tender Moments, Vol. 2",track,2022,340466,0,3
Bring Me Hope - Original Mix,Gary B,gary b,Cloud Dancing - Urban Chillout Vibes,track,2022,204406,0,3
smoothbrain.wav,des hume,des hume,huh.,track,2022,39000,0,3
Endless Love,Lemongrass,lemongrass,Private and Confidential - SECRET Moments,track,2022,270792,0,3
Autumn - DJ Malte of Real Xs Mexican Club Mix,Ganga,ganga,"Deep-House Lovers, Vol. 1",track,2022,561319,0,3
A Forest at Dawn,Meg Stiles,meg stiles,A Forest at Dawn,track,2022,208352,0,3
underneutron,lo-1,lo 1,dusty drafts,track,2022,23132,0,3
Alive (Instrumental),Noqh,noqh,avail_vol.1,track,2022,89302,0,3
If I Can't Have You,Emmie Reins,emmie reins,Get Lucky - Cozy Covers,track,2022,209009,0,3
Happy Day,Marga Sol,marga sol,Smooth Moments: Urban Chillout Music,track,2022,233992,0,3
The Vortex - Original Mix,Jens Buchert,jens buchert,"Winter Relaxation, Vol. 5",track,2022,326055,0,3
"Oy, Ty, Misyatsyu",Lasse Ivonen,lasse ivonen,"Oy, Ty, Misyatsyu",track,2022,124218,0,3
Pure - Original Mix,Sami Sivananda,sami sivananda,Ambiental Journey: Chillout Your Mind,track,2022,296000,0,3
I want to know what Love is - Instrumental Mix,Simon Le Grec,simon le grec,I want to know what Love is,track,2022,341052,0,3
Movin’,Mats Bergström,mats bergstrom,Portfolio,track,2022,251460,0,3
Area 51,AtariJones,atarijones,Escape Plan 19,track,2022,150935,0,3
LONG PAVEMENT,bluemason,bluemason,BOXES,track,2022,119160,0,3
lights off,lo-1,lo 1,dusty drafts,track,2022,18285,0,3
Dreamwaves - Original Mix,Peter Pearson,peter pearson,"Jazzy Weekend, Vol. 2",track,2022,324000,0,3
Run Away,Marga Sol,marga sol,"Chillout Your Mind, Vol. 9 (Ultimate Chillout Collection)",track,2022,232000,0,3
Deep in the Night - Instrumental,Roberto Sol,roberto sol,"Chilled Holidays, Vol. 3 (Enjoy Your Holidays And Relax To These Well Selected Lounge Tunes)",track,2022,239996,0,3
Election wins,Filip Neuf,filip neuf,"Polvere, Vol. 1",track,2022,92903,0,3
Cheer Up - Instrumental,Olga Chung,olga chung,Dark Love (Instrumental),track,2022,158852,0,3
Island (E) Motion - Original Mix,Chillwalker,chillwalker,Neverending Sunsets: Chillout Your Mind,track,2022,312000,0,3
Space Night Journey - Miles Away Mix,Artenovum,artenovum,"Café De La Cita, Vol. 6 (Jazzy Bar Lounge & Chill out Tunes to Relax)",track,2022,316800,0,3
Moon Light (Mediterranean Roots) - Original Mix,Mirage Of Deep,mirage of deep,Absolutely Ibiza (25 Sundowners),track,2022,466364,0,3
The School Road 23,Elmer Soulé,elmer soule,Slow Sunrise,track,2022,113927,0,3
Mystic Rock Band Bumper,Johannes Huppertz,johannes huppertz,"Background Tension Bumpers, Vol. 1",track,2022,25913,0,3
The Journey,Lazy Hammock,lazy hammock,"Chill Out Days, Vol. 1",track,2022,348369,0,3
В горах мое сердце,Alfida,alfida,My Heart's in the Highlands,track,2022,248863,0,3
Mr.Zed,Zedman,zedman,Mr.Zed,track,2022,193103,0,3
Loly,Olga Chung,olga chung,Life,track,2022,401746,0,3
Worms Under The Skin,Kyroshie,kyroshie,Voices,track,2022,54613,0,3
Chair,Ganga,ganga,"Ibiza Is Lovely (A Cool Summer Lounge & Chill Out), Vol. 4",track,2022,253986,0,3
Mysterious Girl,Project Blue Sun,project blue sun,"Sidewalk Bistro, Vol. 4 (Most Iconic Lounge & Downbeat Tunes For Cafe, Bar And Restaurant)",track,2022,314238,0,3
Dancing with Tears In My Eyes,Blended Colours,blended colours,Covers for Lovers,track,2022,210716,0,3
Dreams,Jo Rochford,jo rochford,Stand By Me,track,2022,238625,0,3
The Best Melody - Instrumental,Olga Chung,olga chung,Myths Of Love,track,2022,107674,0,3
Feel so Good - Original Mix,Florito,florito,Asian Dreams,track,2022,371333,0,3
Cielo - Night Stars at Cafe Del Mar Mix,Digby Jones,digby jones,Santorini Solaire Chill 2: Wonderful Ethno-Lounge & Chillout Music,track,2022,229277,0,3
Les Pieds Dans L'eau,Peter Pearson,peter pearson,Sweet Sunset Vibes Mykonos,track,2022,329600,0,3
Morning Dub,Afterlife,afterlife,Liberty Cap,track,2022,308015,0,3
When You're Tired,Olga Chung,olga chung,Life,track,2022,223196,0,3
Intense - Instrumental,Olga Chung,olga chung,Tropical Time (Instrumental),track,2022,309520,0,3
Catuai,Meg Stiles,meg stiles,Catuai,track,2022,160542,0,3
Suenos,Pep Llado,pep llado,Smooth Moments: Urban Chillout Music,track,2022,390844,0,3
Colors - Instrumental,Olga Chung,olga chung,Tropical Time (Instrumental),track,2022,179543,0,3
Wilderness - Original Mix,Gary B,gary b,"Yoga Music Session, Vol. 3: Relaxation & Meditation",track,2022,155454,0,3
Chẳng Thể Bước Tiếp (Beat),Anh Khoa,anh khoa,Chẳng Thể Bước Tiếp,track,2022,250769,0,3
Selflove - Mirage Of Deep Remix,Mirage Of Deep,mirage of deep,"Chill Out Lovers, Vol. 3",track,2022,315820,0,3
Lost in Thought - Original Mix,Michael E,michael e,Chillout Spring Gems 2022: Chillout Your Mind,track,2022,318857,0,3
Are You Hiding - Tatva Kundalini Remix,Ganga,ganga,Techno Weekend,track,2022,440084,0,3
Lovely Evening - Original Mix,Marga Sol,marga sol,Lovely Evening Lounge: Chillout Your Mind,track,2022,229598,0,3
Balearic Bliss - Chris Coco Remix,Steen Thottrup,steen thottrup,"Floating Vibes (Lounge Deluxe), Vol. 3",track,2022,431246,0,3
So Nice - Instrumental,Olga Chung,olga chung,Deluxe Piano (Instrumental),track,2022,140695,0,3
So Good,des hume,des hume,Bub,track,2022,274285,0,3
Keep Me Warm,Schwarz & Funk,schwarz funk,"Moments Of Freedom, Vol. 3 (Finest In Chilled & Relaxing Lounge Tunes)",track,2022,301689,0,3
Boreales,Eskadet,eskadet,"Chill Out Days, Vol. 3",track,2022,417480,0,3
Thunder,Fink's Mood,fink s mood,Get Lucky - Cozy Covers,track,2022,171696,0,3
Catch A Wind,des hume,des hume,Bub,track,2022,115406,0,3
Interpret (Instrumental),Noqh,noqh,avail_vol.1,track,2022,109714,0,3
Fantasy or Reality,The Soul Crusaders,the soul crusaders,Antigua Orange: Urban Chillout Music,track,2022,250211,0,3
Illusory Interlude,Yugen Blue,yugen blue,Dream Sequence,track,2022,127571,0,3
Best Drinking Song,Gold Lounge,gold lounge,New Years Eve Jazz Vibes,track,2022,157772,0,3
Carry You Home - Thor & Ravin Rebirth Remix,Ganga,ganga,"Floating Vibes (Lounge Deluxe), Vol. 2",track,2022,258186,0,3
Contact - Downtempo Instrumental,Simon Le Grec,simon le grec,Contact,track,2022,257472,0,3
Lost Island - Extended,Taigherwuds,taigherwuds,Maldives Paradise,track,2023,197169,0,3
Garden of the Senses,Eskadet,eskadet,Forest Retreat: Chillout Your Mind,track,2023,256109,0,3
Paris amuse,Johannes Huppertz,johannes huppertz,French Love,track,2023,111464,0,3
One of Us Trailer,Threestyle,threestyle,"Music for the Big Screen, Vol. 3",track,2023,23448,0,3
Coral Sea,Ingo Herrmann,ingo herrmann,Autumn Love,track,2023,158354,0,3
The Nature - Extended,Taigherwuds,taigherwuds,Surrounded by Nature,track,2023,191062,0,3
Malou,Weathertunes,weathertunes,"Balearic Chill out Edition, Vol. 4",track,2023,331075,0,3
For Your Love,Olga Chung,olga chung,Where Is The Love,track,2023,172505,0,3
time fades - sped up,hxrtly,hxrtly,time fades,track,2023,123692,0,3
Avec Ma Fille - Extended,Taigherwuds,taigherwuds,Paris in Love,track,2023,149133,0,3
Night Dance - Extended,Taigherwuds,taigherwuds,Weekend At Home,track,2023,286855,0,3
How Sweet It Is,Lounge Deluxe,lounge deluxe,"Soothe, Vol. 1",track,2023,315505,0,3
Nebula,Thomas Lemmer,thomas lemmer,"Smooth Moods Chill Out, Vol. 2",track,2023,294720,0,3
Good Enough,Trevor Poole,trevor poole,Good Enough,track,2023,134400,0,3
A Picture Of You - Remastered,Steen Thottrup,steen thottrup,"Horizon In Blue (Selected Chill Out & Lounge), Vol. 4",track,2023,326736,0,3
A Primera Hora,Paco Fernandez,paco fernandez,Andalucía Chill - Calm Hammam,track,2023,219961,0,3
111,Brown_buddha,brown buddha,buddha.BROWN,track,2023,139263,0,3
Yearn to Love - Original Mix,Soulavenue,soulavenue,"Sunday Heaven, Vol. 1",track,2023,303000,0,3
Sofa Lounge - Original Version,Jens Buchert,jens buchert,"Dolce Far Niente, Chap.2",track,2023,362693,0,3
Natural High,Weathertunes,weathertunes,"Electronic Breath, Vol. 4",track,2023,252107,0,3
Indigo Sky - Spring Mix,Ganga,ganga,Indigo Sky (Spring Mix),track,2023,282964,0,3
Long Way Home - Original Mix,Deeper Sublime,deeper sublime,"World Lounge Club, Vol. 5",track,2023,256000,0,3
What If? - Interlude,Idi Akz,idi akz,Leave This City,track,2023,26271,0,3
Withered Blossom (Sped Up),GHXSTFVCES,ghxstfvces,Withered Blossom,track,2023,164571,0,3
Nemo,Ingo Herrmann,ingo herrmann,Concentración,track,2023,142889,0,3
French Connection,Johannes Huppertz,johannes huppertz,L'amour français,track,2023,144613,0,3
Em Có Nhớ Anh Không - Remix Short Version 3,Hiya,hiya,Em Có Nhớ Anh Không,track,2023,29800,0,3
Diversities,Steen Thottrup,steen thottrup,"Mandarin Chill Out, Vol. 1",track,2023,251146,0,3
Sunshine Cafe - Original Mix,Five Seasons,five seasons,Smooth Transition to the New Year 2024,track,2023,242506,0,3
Ptichka,Alfida,alfida,"The Best, Vol. 2",track,2023,224350,0,3
All I Care - Instrumental Mix,Marga Sol,marga sol,Smooth Melodic Beats: Chillout Your Mind,track,2023,386086,0,3
Chill - Extended,Taigherwuds,taigherwuds,"Decompression, Vol. 02",track,2023,200570,0,3
Horizon - Extended,Taigherwuds,taigherwuds,"New Chillout of 2023, Vol. 1",track,2023,179363,0,3
Morning Sail,Tom Kalani,tom kalani,Space Time,track,2023,170000,0,3
Dance of the Crimson Red,Yantra Mantra,yantra mantra,"Magic Island of Chill Out, Vol. 3",track,2023,240697,0,3
ariel_-_demo,sevnce,sevnce,Unsorted Metal Demos (v1),track,2023,264631,0,3
Paris triste,Johannes Huppertz,johannes huppertz,L'amour français,track,2023,102060,0,3
Places That You Love,Five Seasons,five seasons,Chillout Spring Gems 2023: Chillout Your Mind,track,2023,306076,0,3
Peaches,Jo Rochford,jo rochford,Take Me Home Country Roads,track,2023,202032,0,3
Everyday I Miss You,Project Blue Sun,project blue sun,"Enjoy the Moment, Vol. 2",track,2023,254108,0,3
Cienfuegos - Remastered,Guenter Haas,guenter haas,"Organic Downtempo Flower House, Pt. 1",track,2023,232019,0,3
Lost in a Dream,Guenter Haas,guenter haas,"Loading Chillout, Vol. 2",track,2023,402000,0,3
Shetland,Guenter Haas,guenter haas,"Ibiza Chill Vibes, Vol. 5",track,2023,227717,0,3
Sunrise at the Well,Yantra Mantra,yantra mantra,"Ibiza Chill Vibes, Vol. 5",track,2023,272166,0,3
Love to Scat,Gary B,gary b,Cityscape Chill: Urban Beats and Grooves,track,2023,247921,0,3
Change - Extended,Taigherwuds,taigherwuds,World of Relaxation Restyled,track,2023,206693,0,3
Slow Walking - Extended,Taigherwuds,taigherwuds,Slow Time,track,2023,259734,0,3
For Better Or Worse,Marc Hartman,marc hartman,"Chill Out And Mellow, Vol. 1",track,2023,372871,0,3
Time,Steen Thottrup,steen thottrup,"Winter Sun (Chill Out Edition), Vol. 3",track,2023,307674,0,3
Bitter Symphonie,Johannes Huppertz,johannes huppertz,Chill Out Formentera,track,2023,275409,0,3
Starling,Chris Mercer,chris mercer,Bedtime Lullabies: Beautiful and Calming Lullabies for Babies and Young Children,track,2023,154877,0,3
Decompression - Extended,Taigherwuds,taigherwuds,Ibiza Chill House Garden 2023,track,2023,278293,0,3
Rest,Bernard,bernard,Rest,track,2023,80197,0,3
Twelve in June - Remastered,Guenter Haas,guenter haas,"Lounge & Chill Out Experience Of Mind, Body, Soul, Vol. 2",track,2023,285084,0,3
The Scent Of South,4 Wings,4 wings,Developmental,track,2023,258786,0,3
Lazy Age - Original Mix,Jens Buchert,jens buchert,"The Y-Cafe Soundtrack, Vol. 3",track,2023,202776,0,3
Buddha Philosophy - Extended,Taigherwuds,taigherwuds,Ibiza Chillout Session (07),track,2023,173841,0,3
Phase 4,Loungeside,loungeside,Phase 4,track,2023,206608,0,3
Repeating My Past,Steen Thottrup,steen thottrup,"Electronic Finesse (The Intellectual Electronic Collection), Vol. 1",track,2023,227370,0,3
Riding on a Cloud - Original Mix,Peter Pearson,peter pearson,Calming Experience: Chillout Your Mind,track,2023,217226,0,3
女ひとり - Electric Piano ver.,Shingo Sekiguchi,shingo sekiguchi,1秒先の彼 (Original Soundtrack),track,2023,21157,0,3
Lakelectric - Original Mix,Jens Buchert,jens buchert,Rlx #43 - The Chill out Collection,track,2023,329540,0,3
French People,Johannes Huppertz,johannes huppertz,L'amour français,track,2023,91062,0,3
Flow,Urban Phunk Society,urban phunk society,"Cozy Sunday Tunes, Vol. 4 (Relaxing Downbeat & Lounge Beats For Restaurants, Bars And Hotels)",track,2023,266011,0,3
Advelaga,Pep Llado,pep llado,Andalucía Chill - Summer Party,track,2023,351503,0,3
Boréales,Eskadet,eskadet,"Magic Island of Chill Out, Vol. 3",track,2023,417480,0,3
aurora borealis,ask eternity,ask eternity,aurora borealis,track,2023,96870,0,3
When the Sun Goes Down - Extended,Taigherwuds,taigherwuds,Cocktail Lounge,track,2023,199073,0,3
What I Long For - Chill Mix,Marga Sol,marga sol,White January: Chillout Your Mind,track,2023,324210,0,3
Balearic Bliss - Anders Ponsaing Remix,Steen Thottrup,steen thottrup,"Sunshine in the Air, Vol. 4",track,2023,440000,0,3
Slowdown,351 Lake Shore Drive,351 lake shore drive,"Organic Downtempo Flower House, Pt. 1",track,2023,345375,0,3
Cala Contigo,Steen Thottrup,steen thottrup,"Electronic Finesse (The Intellectual Electronic Collection), Vol. 4",track,2023,289678,0,3
Prayer,Guenter Haas,guenter haas,"Ibiza Chill Vibes, Vol. 4",track,2023,249309,0,3
Tone Slack,Tom Kalani,tom kalani,Space Time,track,2023,172800,0,3
Big Space - Duet Version,Ulli Boegershausen,ulli boegershausen,Big Space (Duet Version),track,2023,174915,0,3
Love Me or Leave Me Alone,Guenter Haas,guenter haas,"Lounge & Chill Out Experience of Mind, Body, Soul, Vol. 3 (Selected)",track,2023,313899,0,3
For Better or Worse,Marc Hartman,marc hartman,"Balearic Chill out Edition, Vol. 1",track,2023,372871,0,3
The Dark Side,Guenter Haas,guenter haas,"Smooth Moods Chill Out, Vol. 2",track,2023,254333,0,3
Irish Woman - Original Mix,KoolSax,koolsax,"Lounge Meets Chill Out, Vol. 2",track,2023,308910,0,3
ways to get away (sped up),Solace,solace,ways to get away,track,2023,97610,0,3
A Mi Aire,Aitor Escobar,aitor escobar,Andalucía Chill - Califa Café,track,2023,223152,0,3
Hidden Tribes - Jack Essek Remix,Marga Sol,marga sol,"Buddha Luxury, Vol. 7: Compiled by Marga Sol",track,2023,397783,0,3
Lying To Me - Original Radio Edit,Ingo Herrmann,ingo herrmann,"Deepest Taboo, Vol. 1",track,2023,232122,0,3
Stargazing (In Your Eyes) IWyLm,sevnce,sevnce,Unsorted Metal Demos (v1),track,2023,181443,0,3
I Feel You,Gary B,gary b,"The Essential Downtempo, Vol. 5: Chillout Your Mind",track,2023,125630,0,3
Skipass - Extended,Taigherwuds,taigherwuds,Best Part of Chillhouse,track,2023,226276,0,3
Leire,Aitor Escobar,aitor escobar,Andalucía Chill - Califa Café,track,2023,292556,0,3
Đêm Da Vàng,Anh Khoa,anh khoa,Băng Nhạc Shotguns 15,track,2023,357341,0,3
Talking With Myself '98 - Beloved Radio Edit,Electribe 101,electribe 101,Radar De Éxitos: Otoño,track,2023,241466,0,3
Temple Of Desire,Eskadet,eskadet,"Horizon In Blue (Selected Chill Out & Lounge), Vol. 2",track,2023,375980,0,3
Fortune,Merge of Equals,merge of equals,Equality,track,2023,193000,0,3
Highlining,Tom Kalani,tom kalani,Space Time,track,2023,151153,0,3
Cicada Interlude - Mixed,Chris Coco,chris coco,Disappear (DJ Mix),track,2023,29576,0,3
At Same Level,Olga Chung,olga chung,The Hoax,track,2023,215551,0,3
Dark Star Light JsRmX,sevnce,sevnce,Unsorted Metal Demos (v1),track,2023,218000,0,3
time fades - slowed,hxrtly,hxrtly,time fades,track,2023,155076,0,3
Stars In Your Eyes,Eskadet,eskadet,"Mood For Lounge (Special Selected Collection), Vol. 4",track,2023,354000,0,3
One Chance,Project Blue Sun,project blue sun,"Loading Chillout, Vol. 2",track,2023,358706,0,3
A Gentle Breeze,Yantra Mantra,yantra mantra,"Dubai Lounge & Chill Out Session, Vol. 1 (Selected)",track,2023,280384,0,3
One Step Forward,Channing Spence,channing spence,One Step Forward,track,2023,170706,0,3
Mẹ Thôi Khóc,Anh Khoa,anh khoa,Băng Nhạc Shotguns 31 (Hòa Bình),track,2023,356135,0,3
Verdon,Artenovum,artenovum,Best Sound of Chill & Lounge 2023 – Winter Edition,track,2023,273891,0,3
Aviator,Weathertunes,weathertunes,Ambient Chill out Ibiza 2023,track,2023,288000,0,3
Only Love (Acoustic),Shannon & Keast,shannon keast,#Acousticcovers,track,2023,211750,0,3
Wellenreiter - Original Mix,Jens Buchert,jens buchert,Rlx #43 - The Chill out Collection,track,2023,242278,0,3
Kish-Mish - New Harvest Mix,Alfida,alfida,Kish-Mish (New Harvest Mix),track,2023,204600,0,3
Missing U - Instrumental Mix,Steen Thottrup,steen thottrup,Soothing Sounds: Chillout Your Mind,track,2023,309916,0,3
Sack Full Of Stones,Olga Chung,olga chung,Wooden Cross,track,2023,203030,0,3
Long Island,Loungeside,loungeside,Nochmal Schmusen,track,2023,396150,0,3
Sueños,Pep Llado,pep llado,Andalucía Chill - Blancas Salinas,track,2023,390426,0,3
Come Back - Extended,Taigherwuds,taigherwuds,Pure Chillout,track,2023,207961,0,3
Dharana Pt. 1,Afterlife,afterlife,Ibiza Sunset Chillout Lounge Vol. 1,track,2023,319503,0,3
Your Delirium,Olga Chung,olga chung,Wooden Cross,track,2023,200462,0,3
Touch - Extended,Taigherwuds,taigherwuds,Sensual Chilling Moves,track,2023,166843,0,3
Diner sur la Seine - Extended,Taigherwuds,taigherwuds,Paris in Love,track,2023,130272,0,3
Fireflies - Original Mix,Jens Buchert,jens buchert,Rlx #43 - The Chill out Collection,track,2023,265604,0,3
